sample_id,well_id,mother_well_family,depth_m,actual_model_domain,predicted_model_domain,actual_mD,predicted_mD,interval_low_mD,interval_high_mD
target7_permeability_klogh-4e6dd635680170dc0288,15/9-F-1 A,15/9-F-1,3430.6,0.0018981973407790065,-1.5223244344947848,0.0019000000578083813,0.0,,
target7_permeability_klogh-15dc3844f48e5f0f86fc,15/9-F-1 A,15/9-F-1,3432.6,0.0009995002765208483,-2.552117878967026,0.0009999999433807523,0.0,,
target7_permeability_klogh-3afec9b84c179a85a8aa,15/9-F-1 A,15/9-F-1,3434.6,0.0009995002765208483,0.7616478739970578,0.0009999999433807523,1.141802735106948,,
target7_permeability_klogh-bb2980b3d21e93433cfb,15/9-F-1 A,15/9-F-1,3436.6,4.954606533050537,4.41401345833518,140.82679123807256,81.6003120475507,,
target7_permeability_klogh-3e2dcefd13fdad2099b0,15/9-F-1 A,15/9-F-1,3438.6,3.9652984142303467,4.055524378751562,51.73600421589216,56.71541980223842,,
target7_permeability_klogh-c166db9a61b7d7f7d680,15/9-F-1 A,15/9-F-1,3440.6,2.2528905868530273,3.5643873252456033,8.515200636403575,34.31780844468194,,
target7_permeability_klogh-773fa89bb087d86f3775,15/9-F-1 A,15/9-F-1,3442.6,3.3507354259490967,3.8934350364809345,27.523703003469617,48.07918609535268,,
target7_permeability_klogh-b264c2808657a335f94d,15/9-F-1 A,15/9-F-1,3444.6,4.637887001037598,4.20447133698672,102.32578947212353,65.98517571915227,,
target7_permeability_klogh-53e1c1b3c5b6903ca786,15/9-F-1 A,15/9-F-1,3446.6,1.3109240531921387,2.9672584334308447,2.7095999966503226,18.43855438646047,,
target7_permeability_klogh-7e8bdca6123470e9567b,15/9-F-1 A,15/9-F-1,3448.6,4.533181190490723,3.067289801784805,92.05411358972405,20.48359889191277,,
target7_permeability_klogh-36cfa2176813a9273e90,15/9-F-1 A,15/9-F-1,3450.6,0.16364829242229462,1.760187818910333,0.1778000010529076,4.813529182586408,,
target7_permeability_klogh-16eac71f226a2be1af2e,15/9-F-1 A,15/9-F-1,3452.6,2.405647039413452,0.8262868705896413,10.085600782766258,1.2848191408242726,,
target7_permeability_klogh-9cb4ecf750190c6969b4,15/9-F-1 A,15/9-F-1,3454.6,1.6337597370147705,3.400080337414027,4.123100063708846,28.966507382406704,,
target7_permeability_klogh-58b14579bc9fe204a4b1,15/9-F-1 A,15/9-F-1,3456.6,7.967898845672607,6.08369192195082,2885.785405745846,437.64565448109437,,
target7_permeability_klogh-52355fc666fa1ea7bda7,15/9-F-1 A,15/9-F-1,3458.6,2.892347574234009,4.928042401364149,17.03559985188431,137.1088857708998,,
target7_permeability_klogh-71a53949fbcf34f07d67,15/9-F-1 A,15/9-F-1,3460.6,6.408656597137451,5.329185690182022,606.0775832470171,205.26993811313443,,
target7_permeability_klogh-da56be5de5cf4ba6dc44,15/9-F-1 A,15/9-F-1,3462.6,3.4279074668884277,4.3125855854714885,29.812099904920156,73.63321022835541,,
target7_permeability_klogh-b0a96100586590a6c49c,15/9-F-1 A,15/9-F-1,3464.6,0.18115420639514923,1.4900837735067016,0.1985999968275472,3.4374672456250654,,
target7_permeability_klogh-fdf373780dedcc4a253c,15/9-F-1 A,15/9-F-1,3466.6,0.11609271913766861,0.6115193137315083,0.12310000016938061,0.8432297167008421,,
target7_permeability_klogh-befaf63616084b21d7bd,15/9-F-1 A,15/9-F-1,3468.6,0.0747363492846489,1.0011067854931186,0.07760000341667274,1.721292048879851,,
target7_permeability_klogh-ecac13d93ad8cbb9c0eb,15/9-F-1 A,15/9-F-1,3470.6,0.17998549342155457,1.780942770922573,0.1971999957201869,4.935449550904609,,
target7_permeability_klogh-0720021874565df98af9,15/9-F-1 A,15/9-F-1,3472.6,0.8836022615432739,2.1425488241313047,1.419600058778501,7.521128832405548,,
target7_permeability_klogh-ed767f6df6938579397f,15/9-F-1 A,15/9-F-1,3474.6,0.8887139558792114,1.979018095938155,1.4319999799975074,6.235634796755622,,
target7_permeability_klogh-5c55572af822f7486592,15/9-F-1 A,15/9-F-1,3476.6,0.011434377171099186,0.9926145894986198,0.011499999540208597,1.69828015250593,,
target7_permeability_klogh-11bcb3b142cd045f9ab1,15/9-F-1 A,15/9-F-1,3478.6,0.43015772104263306,1.9446739134984043,0.5375000005290494,5.9913516978723536,,
target7_permeability_klogh-4c57a97ce3824c5ae5a2,15/9-F-1 A,15/9-F-1,3480.6,2.164517641067505,2.7436724805660386,7.710399364424344,14.543965313461246,,
target7_permeability_klogh-6fce62c8fc1484e0074e,15/9-F-1 B,15/9-F-1,3251.3,4.8820109367370605,4.0164636731908425,130.89563115047417,54.50447639084767,,
target7_permeability_klogh-3eecff10e8d1be875a6c,15/9-F-1 B,15/9-F-1,3253.3,4.531834602355957,4.572947066028368,91.92889235411002,95.82905130351666,,
target7_permeability_klogh-1162fdea95edfdbdecce,15/9-F-1 B,15/9-F-1,3255.3,6.580732345581055,4.527131080183747,720.0672063135365,91.49282557728979,,
target7_permeability_klogh-16d8b2729bd65332cfb7,15/9-F-1 B,15/9-F-1,3257.3,5.550410747528076,2.0538054889757524,256.34323729869107,6.7975180861345486,,
target7_permeability_klogh-f803654522309f952eb5,15/9-F-1 B,15/9-F-1,3259.3,0.3359721004962921,1.6666352206391841,0.39929998449122445,4.294323562408104,,
target7_permeability_klogh-39dd164020c389ce4265,15/9-F-1 B,15/9-F-1,3261.3,5.4358015060424805,2.993546106267916,228.47670154905126,18.956324412743523,,
target7_permeability_klogh-66460f98c06523526743,15/9-F-1 B,15/9-F-1,3263.3,0.7708024382591248,1.842452529182554,1.1615000283882233,5.311999656873256,,
target7_permeability_klogh-496f6526764a52177d0a,15/9-F-1 B,15/9-F-1,3265.3,8.398788452148438,5.6464530477384285,4440.68217602769,282.2848837708224,,
target7_permeability_klogh-ed5e3b073a28cd13d5eb,15/9-F-1 B,15/9-F-1,3267.3,8.427618026733398,6.610641287681242,4570.597690016616,741.9593166357279,,
target7_permeability_klogh-43581a8659db6f368442,15/9-F-1 B,15/9-F-1,3269.3,4.218826770782471,3.695835217879511,66.95371222249113,39.27920045110968,,
target7_permeability_klogh-55e5c1acad836bede511,15/9-F-1 B,15/9-F-1,3271.3,6.129082679748535,4.29089313168063,458.01490382874744,72.03166627503892,,
target7_permeability_klogh-9b92781694b199e461c6,15/9-F-1 B,15/9-F-1,3273.3,7.614071369171143,6.014031887098595,2025.5120032033303,408.1295635191313,,
target7_permeability_klogh-c345585e12358fdd9032,15/9-F-1 B,15/9-F-1,3275.3,6.218323707580566,4.798031323196442,500.8612602957469,120.27143809218603,,
target7_permeability_klogh-c886e7de488888e29fff,15/9-F-1 B,15/9-F-1,3277.3,1.163432002067566,2.442405208167452,2.200899941760432,10.500669006638654,,
target7_permeability_klogh-1bd1b506ff54739a986b,15/9-F-1 B,15/9-F-1,3279.3,4.488059997558594,4.056230346424804,87.94871765683189,56.75617940865579,,
target7_permeability_klogh-38a7fb1c89487df7e5af,15/9-F-1 B,15/9-F-1,3281.3,5.492457866668701,4.160270726370749,241.85337512287012,63.08887079891999,,
target7_permeability_klogh-b2a5e94eeac267d18a62,15/9-F-1 B,15/9-F-1,3283.3,2.758115768432617,3.0860998679331626,14.770100415127153,20.89153139912574,,
target7_permeability_klogh-f0d79c81e7e673f07f77,15/9-F-1 B,15/9-F-1,3285.3,1.6580756902694702,3.0006975498324877,4.249200032699764,19.099552473808053,,
target7_permeability_klogh-1baf847d3486a6a4b0a0,15/9-F-1 B,15/9-F-1,3287.3,3.2453620433807373,3.8694874525313705,24.67100239450653,46.91781962846776,,
target7_permeability_klogh-e6b26d3a93af25681dca,15/9-F-1 B,15/9-F-1,3289.3,7.386041164398193,6.204895836608085,1612.3066383012665,494.16737494046714,,
target7_permeability_klogh-92a0ce53ef532cab08bb,15/9-F-1 B,15/9-F-1,3291.3,7.891036510467529,7.586857082586858,2672.2132987502773,1971.1055983479102,,
target7_permeability_klogh-e15f16cd6232f27fd3a8,15/9-F-1 B,15/9-F-1,3293.3,8.137645721435547,7.105592783771654,3419.854735306869,1217.7643343631808,,
target7_permeability_klogh-85c5609ebd8fa103cc42,15/9-F-1 B,15/9-F-1,3295.3,5.260184288024902,4.739122149407719,191.5169665998434,113.33378962827449,,
target7_permeability_klogh-140a7982e51a31604ef0,15/9-F-1 B,15/9-F-1,3297.3,3.819155216217041,3.444268782500113,44.56569889358464,30.32037306656549,,
target7_permeability_klogh-7fcec64700ffd5f734f2,15/9-F-1 B,15/9-F-1,3299.3,4.17161750793457,3.5613173477641444,63.82021456889131,34.20954982884464,,
target7_permeability_klogh-5f4c50e7c690a2275988,15/9-F-1 B,15/9-F-1,3301.3,4.8642072677612305,4.147390572892579,128.5681850117667,62.2686896750253,,
target7_permeability_klogh-2c38908a43dd7924ef49,15/9-F-1 B,15/9-F-1,3303.3,5.517425060272217,3.6191650679984324,247.99306888453816,36.306406502420046,,
target7_permeability_klogh-89064378daca5c3529e3,15/9-F-1 B,15/9-F-1,3305.3,0.0010993954492732882,0.7072394032370357,0.0011000000059788943,1.0283839722516128,,
target7_permeability_klogh-726d59a9688b23cbd633,15/9-F-1 B,15/9-F-1,3313.5,0.04449523985385895,0.7881144812505645,0.045499999965820236,1.1992457952577633,,
target7_permeability_klogh-b3416a43e9c826278167,15/9-F-1 B,15/9-F-1,3315.5,0.054582878947257996,0.8213258058967443,0.056100001242994094,1.2735120759860823,,
target7_permeability_klogh-731079beb738fe402233,15/9-F-1 B,15/9-F-1,3317.5,0.0009995002765208483,0.7790750080732005,0.0009999999433807523,1.1794553542212098,,
target7_permeability_klogh-bd7cac22bb941dd7eb29,15/9-F-1 B,15/9-F-1,3319.5,0.06588137149810791,1.5163963540069387,0.06810000254698613,3.5557781665713994,,
target7_permeability_klogh-e15d900544dc99355a2c,15/9-F-1 B,15/9-F-1,3321.5,0.001598721370100975,1.5160995717412318,0.0016000000064141937,3.5544262930210366,,
target7_permeability_klogh-c278adb831b847f91c25,15/9-F-1 B,15/9-F-1,3323.5,0.006677654571831226,0.5441190665277222,0.006699999817375215,0.723089786115176,,
target7_permeability_klogh-11653fec873927edf148,15/9-F-1 B,15/9-F-1,3325.5,0.004489905200898647,0.6495950002410655,0.004499999927722804,0.9147651925168154,,
target7_permeability_klogh-82843f83bd8fc9981457,15/9-F-1 B,15/9-F-1,3327.5,5.663645267486572,2.7509616619778208,287.1972862988518,14.657682043927576,,
target7_permeability_klogh-e877f5fc1d9f3eb04fa2,15/9-F-1 B,15/9-F-1,3329.5,6.04460334777832,4.0268083887602195,420.83040432740665,55.08163453340023,,
target7_permeability_klogh-c968038e7e025f9a9fde,15/9-F-1 B,15/9-F-1,3331.5,5.559129238128662,4.20078981934177,258.5966909774392,65.7390220004433,,
target7_permeability_klogh-ef06804301ca30b9ffda,15/9-F-1 B,15/9-F-1,3333.5,2.226168394088745,4.067471237150571,8.264300837147646,57.40907298799105,,
target7_permeability_klogh-92991e496af23c142845,15/9-F-1 B,15/9-F-1,3335.5,5.44880485534668,2.8761880197581084,231.48015239643382,16.746494789245364,,
target7_permeability_klogh-a199f52fa13ab3b6309e,15/9-F-1 C,15/9-F-1,3256.4,5.647071361541748,4.958722084231332,282.4600968874917,141.41168941985015,,
target7_permeability_klogh-df5cd29a7b5b4d692017,15/9-F-1 C,15/9-F-1,3258.4,7.042270660400391,5.695451590304781,1142.9822549366077,296.5111163901138,,
target7_permeability_klogh-fbc7e6f8e9a61c3aa0f6,15/9-F-1 C,15/9-F-1,3260.4,7.136938095092773,5.897911374524965,1256.5719224037043,363.27583696832556,,
target7_permeability_klogh-8b541f509c3d976034ce,15/9-F-1 C,15/9-F-1,3262.4,7.7151103019714355,6.027087701820683,2240.970177875121,413.5061044881418,,
target7_permeability_klogh-7e12a66209117b9fbdc2,15/9-F-1 C,15/9-F-1,3264.4,7.187699317932129,5.975015033483714,1322.0557706755853,392.474016331849,,
target7_permeability_klogh-26498d2797dc761a30dc,15/9-F-1 C,15/9-F-1,3266.4,7.274827003479004,4.915114721647619,1442.5014498175044,135.33494947545478,,
target7_permeability_klogh-d791c0a8ae7a6d5ea09d,15/9-F-1 C,15/9-F-1,3268.4,0.9234649538993835,2.9747411089787916,1.5180000460220608,18.584552328464113,,
target7_permeability_klogh-f3319a87d086c0d7a0ab,15/9-F-1 C,15/9-F-1,3270.4,7.158971309661865,4.898947159946024,1284.5877807367665,133.1484684281725,,
target7_permeability_klogh-45af86b910f4ac7068f2,15/9-F-1 C,15/9-F-1,3272.4,7.953633785247803,6.463355508257385,2844.897564621432,640.2090329827239,,
target7_permeability_klogh-983f969b2fad76192f6a,15/9-F-1 C,15/9-F-1,3274.4,7.755296230316162,6.305165305451096,2332.9006144902464,546.3920675989638,,
target7_permeability_klogh-9e9bb33f5709946b1a96,15/9-F-1 C,15/9-F-1,3276.4,7.470092296600342,5.27149196596937,1753.7686372808437,193.7062409342315,,
target7_permeability_klogh-5e6b95d0f38b03046845,15/9-F-1 C,15/9-F-1,3278.4,2.2442989349365234,1.1629019449370013,8.433799530332385,2.1992037315059623,,
target7_permeability_klogh-e6ef34623a0b50581e8b,15/9-F-1 C,15/9-F-1,3280.4,0.0009995002765208483,-2.4375704908977505,0.0009999999433807523,0.0,,
target7_permeability_klogh-7b1a1869180d37e6e764,15/9-F-1 C,15/9-F-1,3282.4,0.006180859170854092,-1.4889157814188754,0.0062000000963667685,0.0,,
target7_permeability_klogh-eb502724a8d556985751,15/9-F-1 C,15/9-F-1,3284.4,0.020292703062295914,-0.28281556961627574,0.020499999790321417,0.0,,
target7_permeability_klogh-31ab1a082f74ca62f287,15/9-F-1 C,15/9-F-1,3286.4,0.034787826240062714,0.09447327318112952,0.0354000007811045,0.09907978783402405,,
target7_permeability_klogh-2313d35d1335c6c497cd,15/9-F-1 C,15/9-F-1,3288.4,0.02254396490752697,0.12855367037932464,0.022800000483408488,0.1371824526670081,,
target7_permeability_klogh-248f9dcf32dfebccedf3,15/9-F-1 C,15/9-F-1,3290.4,0.019998686388134956,0.08359295516188192,0.020199999879051033,0.08718627017175791,,
target7_permeability_klogh-23184397b5417cdf8754,15/9-F-1 C,15/9-F-1,3292.4,0.10948201268911362,0.9899540475799551,0.11570000231186052,1.6911108064537448,,
target7_permeability_klogh-08c8f942c07607437f45,15/9-F-1 C,15/9-F-1,3294.4,0.195566788315773,1.1529279309364928,0.21600000580250608,2.167453430881003,,
target7_permeability_klogh-9233afae360d838c7959,15/9-F-1 C,15/9-F-1,3296.4,0.12416264414787292,0.9726971984000916,0.1322000017293794,1.6450691229257914,,
target7_permeability_klogh-de8c6908ff329bbae631,15/9-F-1 C,15/9-F-1,3298.4,0.16432729363441467,0.9414817573792424,0.1786000002507339,1.5637775014291189,,
target7_permeability_klogh-0de8ce8ec63a0a5bcd98,15/9-F-1 C,15/9-F-1,3300.4,0.09102829545736313,1.0216381331764088,0.09529999683436319,1.7777413492511673,,
target7_permeability_klogh-e7d2e0b735f771527f48,15/9-F-1 C,15/9-F-1,3302.4,0.284878134727478,0.9544466792729458,0.3295999861833704,1.5972330823593097,,
target7_permeability_klogh-ec2ab99ef61af7d4b6df,15/9-F-1 C,15/9-F-1,3304.4,0.00478851655498147,0.11730916031696959,0.0047999998223355765,0.12446701653699292,,
target7_permeability_klogh-4326d7349e1a376e6163,15/9-F-1 C,15/9-F-1,3306.4,0.01774168200790882,-0.7122863984839571,0.017900000541270077,0.0,,
target7_permeability_klogh-6b3ed61f3d78817a48d1,15/9-F-1 C,15/9-F-1,3308.4,0.006379607133567333,-0.5034478726771732,0.0064000001706132886,0.0,,
target7_permeability_klogh-df4ce4b4784266cec113,15/9-F-1 C,15/9-F-1,3310.4,0.004489905200898647,0.10670568493658283,0.004499999927722804,0.11260674936084832,,
target7_permeability_klogh-dac4ac487a353fbf1410,15/9-F-1 C,15/9-F-1,3312.4,0.028781801462173462,0.14757375035280784,0.029200000037793675,0.15901875972025087,,
target7_permeability_klogh-991bc4fac2cf046aa05b,15/9-F-1 C,15/9-F-1,3314.4,0.011632083915174007,0.22365832047350054,0.011699999681786312,0.2506436270945899,,
target7_permeability_klogh-4489fa065a0b0d926c14,15/9-F-1 C,15/9-F-1,3316.4,0.015676479786634445,0.08457685608699261,0.01580000040797257,0.08825648015270698,,
target7_permeability_klogh-a0ba33525403c2a16989,15/9-F-1 C,15/9-F-1,3318.4,0.013508349657058716,-0.05376690096920056,0.013599999627265295,0.0,,
target7_permeability_klogh-bf55ec253040a7485428,15/9-F-1 C,15/9-F-1,3320.4,0.020096702501177788,0.006928440157416116,0.0203000008183371,0.006952497326382183,,
target7_permeability_klogh-634243c68cfbe3f55225,15/9-F-1 C,15/9-F-1,3322.4,0.012620030902326107,-0.26385631670776855,0.012699999540460886,0.0,,
target7_permeability_klogh-2be1eadcef1f0ec78fea,15/9-F-1 C,15/9-F-1,3324.4,0.005186526570469141,0.14444688368156333,0.00519999988256156,0.15540032272236987,,
target7_permeability_klogh-38cd45bb97dc65ddded0,15/9-F-1 C,15/9-F-1,3326.4,0.08360558748245239,0.7567394753549568,0.08720000394398705,1.1313156718686286,,
target7_permeability_klogh-ab84584d5b8577b4041b,15/9-F-1 C,15/9-F-1,3328.4,0.035656675696372986,0.9034594374345399,0.036299998433464986,1.4681266891255083,,
target7_permeability_klogh-032508002476d2686fa5,15/9-F-1 C,15/9-F-1,3330.4,0.07362213730812073,0.8481960896527485,0.07639999724173258,1.3354301431866138,,
target7_permeability_klogh-1a932c35274e9ac1a5a8,15/9-F-1 C,15/9-F-1,3332.4,0.02634977549314499,0.48689429863883804,0.026700000174911663,0.6272545972619005,,
target7_permeability_klogh-f4e2df05726a55e95a5b,15/9-F-1 C,15/9-F-1,3334.4,0.0022973590530455112,-0.42057252108198595,0.0023000000043720543,0.0,,
target7_permeability_klogh-f63bce9a9ddae0b3747b,15/9-F-1 C,15/9-F-1,3336.4,0.0032945668790489435,-0.7343697983013286,0.003299999929386655,0.0,,
target7_permeability_klogh-d7124f841e0755606f9a,15/9-F-1 C,15/9-F-1,3338.4,0.004688989371061325,0.537910569927122,0.0046999998843889525,0.712425129035292,,
target7_permeability_klogh-27940fce18e500fc9ca8,15/9-F-1 C,15/9-F-1,3340.4,0.5148574709892273,1.8349412142833192,0.6733999767562501,5.264765855860063,,
target7_permeability_klogh-240724fe36969b249863,15/9-F-1 C,15/9-F-1,3342.4,1.5278372764587402,3.3911600193468647,3.608199775254615,28.700385316584313,,
target7_permeability_klogh-7d4f5c0bfe4d20ac2ff4,15/9-F-1 C,15/9-F-1,3344.4,1.8625285625457764,3.667277550129502,5.440000144446072,38.1451898446923,,
target7_permeability_klogh-591dd3cb8e1cef711ed0,15/9-F-1 C,15/9-F-1,3346.4,1.079667329788208,3.435357126130684,1.9437001068206063,30.042496672921644,,
target7_permeability_klogh-1d83d8b976ab8edfe1cf,15/9-F-1 C,15/9-F-1,3348.4,0.3989103436470032,3.3227796502877047,0.4902000067200764,26.73734361722002,,
target7_permeability_klogh-b44b28ec0980abbcc2c8,15/9-F-1 C,15/9-F-1,3350.4,1.8846120834350586,3.7458648368427365,5.583799981515239,41.34561343398042,,
target7_permeability_klogh-52959939323edca42aac,15/9-F-1 C,15/9-F-1,3352.4,1.624799370765686,3.5372520903196296,4.077400260058781,33.372337220831554,,
target7_permeability_klogh-152a032fb7b2466dc034,15/9-F-1 C,15/9-F-1,3354.4,0.7397444844245911,2.481188276690659,1.0954000387394698,10.955462377895687,,
target7_permeability_klogh-35126a47dd5f9fddd72f,15/9-F-1 C,15/9-F-1,3356.4,2.1873538494110107,3.3931820267410147,7.911600450363573,28.760500471465583,,
target7_permeability_klogh-5058826f5b2e10cafdb5,15/9-F-1 C,15/9-F-1,3358.4,1.2173429727554321,3.597765141392961,2.3781998293715967,35.516533893023606,,
target7_permeability_klogh-e1adfa0e963bdb81f2a7,15/9-F-1 C,15/9-F-1,3360.4,1.2320644855499268,2.7974228537929395,2.428299911062381,15.40232107522391,,
target7_permeability_klogh-98188a0e538aa68ccc0a,15/9-F-1 C,15/9-F-1,3362.4,0.470316082239151,2.5751995130520022,0.6005000028990982,12.133937289019542,,
target7_permeability_klogh-e61d8837e8514951b1af,15/9-F-1 C,15/9-F-1,3364.4,1.2509613037109375,2.886833585731126,2.493699850337573,16.936425436227637,,
target7_permeability_klogh-a2db3fbe4a4b6ba8e924,15/9-F-1 C,15/9-F-1,3366.4,0.9781757593154907,2.976244784962091,1.6596000632169052,18.614023301288196,,
target7_permeability_klogh-216ea1ea82b441050199,15/9-F-1 C,15/9-F-1,3368.4,0.4534930884838104,2.0264079397778847,0.5738000178863386,6.586785165164019,,
target7_permeability_klogh-beddc32730b42a4b6fc0,15/9-F-1 C,15/9-F-1,3370.4,0.07269268482923508,0.7334856905150446,0.07539999939325331,1.0823263172805677,,
target7_permeability_klogh-8047bf76003cf23b1df8,15/9-F-1 C,15/9-F-1,3372.4,0.0013990208972245455,0.4283331798084933,0.0013999999834941284,0.5346973259557537,,
target7_permeability_klogh-d6b39b63eb472cbb7dda,15/9-F-1 C,15/9-F-1,3374.4,0.08929210901260376,0.5840823846588274,0.09340000167710275,0.793344629850397,,
target7_permeability_klogh-8359f0bf79ea794c6bed,15/9-F-1 C,15/9-F-1,3376.4,0.04200529307126999,0.8778678264961899,0.04289999888017555,1.4057647262225719,,
target7_permeability_klogh-23ca5047ad40f2a09c4d,15/9-F-1 C,15/9-F-1,3378.4,0.5322739481925964,1.4208607545730523,0.7027999884562697,3.1406830186224606,,
target7_permeability_klogh-84bd6d776ec09f5f9f3b,15/9-F-1 C,15/9-F-1,3380.4,0.18598151206970215,1.8000185588126896,0.2043999933086673,5.049759739728922,,
target7_permeability_klogh-d18c1f8ed0b50f5af4a6,15/9-F-1 C,15/9-F-1,3382.4,0.4018585979938507,1.9653011048333782,0.49459997829810626,6.137061270297822,,
target7_permeability_klogh-a95c343ae16b44be1f9e,15/9-F-1 C,15/9-F-1,3384.4,0.11100456118583679,1.619309942768759,0.1174000035119049,4.049604597861825,,
target7_permeability_klogh-168bbf4dcd0152148d20,15/9-F-1 C,15/9-F-1,3386.4,0.3121795356273651,3.041420527479442,0.36639998848834887,19.93496080989118,,
target7_permeability_klogh-9a0249bc3bfde0597e19,15/9-F-1 C,15/9-F-1,3388.4,5.177257537841797,5.3051758182781015,176.19619018262495,200.37640495416744,,
target7_permeability_klogh-2a2a72df45d955d66a0d,15/9-F-1 C,15/9-F-1,3390.4,3.9047465324401855,5.187620816123572,48.63749682234712,178.04207178408157,,
target7_permeability_klogh-7ff93d8082b7052f544f,15/9-F-1 C,15/9-F-1,3392.4,4.656293869018555,5.337667245744949,104.24530558169535,207.0268682722722,,
target7_permeability_klogh-f61fccf55b2ca1d6f6e8,15/9-F-1 C,15/9-F-1,3394.4,4.41632080078125,5.397945519811278,81.79111929777827,219.9520080545439,,
target7_permeability_klogh-af0077b284e4e61dff2b,15/9-F-1 C,15/9-F-1,3396.4,4.815453052520752,5.483652606824856,122.40270755520712,239.72437500613484,,
target7_permeability_klogh-e39be6db27b4fa41a904,15/9-F-1 C,15/9-F-1,3398.4,4.5929741859436035,5.545962835250715,97.78780697399026,255.2011390134383,,
target7_permeability_klogh-4454f9040fa6105ab027,15/9-F-1 C,15/9-F-1,3400.4,4.610509872436523,5.5256196627124545,99.53539679824387,250.04185110743464,,
target7_permeability_klogh-e3c11b93c1737b63da99,15/9-F-1 C,15/9-F-1,3402.4,4.821930885314941,5.404233471385472,123.20468439263021,221.3457207884142,,
target7_permeability_klogh-459ee706c483c04b11f9,15/9-F-1 C,15/9-F-1,3404.4,4.537503719329834,5.375494938491733,92.45721325664667,215.04677571844397,,
target7_permeability_klogh-d44366571dec46d563ba,15/9-F-1 C,15/9-F-1,3406.4,4.646194934844971,5.218771793481882,103.18778905132021,183.70718612909613,,
target7_permeability_klogh-ed50dd4e6561f3c43d0d,15/9-F-1 C,15/9-F-1,3408.4,4.813863277435303,5.257606377161752,122.20668086571862,191.02131416869145,,
target7_permeability_klogh-451b1762a5706f1c1124,15/9-F-1 C,15/9-F-1,3410.4,4.749826908111572,5.283075768289316,114.5642795565053,195.97479340436954,,
target7_permeability_klogh-dc71ae053d03dfe92198,15/9-F-1 C,15/9-F-1,3412.4,4.909872531890869,5.148873819198954,134.62212581068277,171.23741058790836,,
target7_permeability_klogh-19f90387f2898686abee,15/9-F-1 C,15/9-F-1,3414.4,4.532060623168945,5.21110579942918,91.94989859174403,182.29663548303793,,
target7_permeability_klogh-0682e33361962bb205e0,15/9-F-1 C,15/9-F-1,3416.4,5.045403003692627,5.139832647133313,154.30687583265674,169.68720093858906,,
target7_permeability_klogh-6ee6f5c3c22acc53c3ff,15/9-F-1 C,15/9-F-1,3418.4,1.360925316810608,2.520562927041149,2.8998001834515046,11.435595026322016,,
target7_permeability_klogh-a9c91168ffbadbeb0ff4,15/9-F-1 C,15/9-F-1,3420.4,1.0133448839187622,1.1024170402009488,1.754800108071787,2.011435996365119,,
target7_permeability_klogh-214963c3c9b4e1b2ecdc,15/9-F-1 C,15/9-F-1,3422.4,0.1376728117465973,1.532359964632224,0.1476000075988617,3.629088426701712,,
target7_permeability_klogh-3002c0da747c7606b78b,15/9-F-1 C,15/9-F-1,3424.4,0.10651984065771103,1.032928562892609,0.11239999697431462,1.809280955539959,,
target7_permeability_klogh-31e55a7577dda6c6f15a,15/9-F-1 C,15/9-F-1,3426.4,0.04650183394551277,0.4711814649905537,0.04760000030809182,0.6018856474652062,,
target7_permeability_klogh-b591a179d843fc87de69,15/9-F-1 C,15/9-F-1,3428.4,0.054582878947257996,0.6980614094365292,0.056100001242994094,1.009852647006229,,
target7_permeability_klogh-690a3069e17951ff401e,15/9-F-1 C,15/9-F-1,3430.4,0.1790662705898285,1.393624678395895,0.1961000077944413,3.0294289992779935,,
target7_permeability_klogh-c173c0e7c18518420eaf,15/9-F-1 C,15/9-F-1,3432.4,0.2489672303199768,1.235093923823622,0.28269999871256535,2.4387014815294696,,
target7_permeability_klogh-96c323d43ddcf50b516c,15/9-F-1 C,15/9-F-1,3434.4,0.023130416870117188,1.2215242899514256,0.023399999469124355,2.392354726844769,,
target7_permeability_klogh-7c702120128d3820adc5,15/9-F-1 C,15/9-F-1,3436.4,0.2565009593963623,1.8861868600055285,0.29240000572294905,5.594176163410516,,
target7_permeability_klogh-b4e5d96a07609c3a90b1,15/9-F-1 C,15/9-F-1,3438.4,0.5383045673370361,1.9820697617596055,0.7130999530315274,6.257749261978172,,
target7_permeability_klogh-ddd6de2f4132262e7e85,15/9-F-1 C,15/9-F-1,3440.4,0.37073561549186707,1.9430597929936182,0.44879998247647507,5.980075916423814,,
target7_permeability_klogh-b26162937a29add88bf4,15/9-F-1 C,15/9-F-1,3442.4,0.11546924710273743,1.9173214925523199,0.12239999696572999,5.802712927548563,,
target7_permeability_klogh-808d78123cecd44fe42e,15/9-F-1 C,15/9-F-1,3444.4,0.3269989490509033,1.569115053868635,0.3868000197233083,3.8023964506105687,,
target7_permeability_klogh-1db648705e2e5b841e69,15/9-F-1 C,15/9-F-1,3446.4,0.15657630562782288,1.5401937603143043,0.16949999834600682,3.6654941710322837,,
target7_permeability_klogh-1544fe670f4d03bcaa29,15/9-F-1 C,15/9-F-1,3448.4,0.22554068267345428,1.6502158194984697,0.2530000084696824,4.208103716228916,,
target7_permeability_klogh-7e7249956ad0353262af,15/9-F-1 C,15/9-F-1,3450.4,0.19235439598560333,1.3143667057970307,0.21210000423177328,2.7223928688142998,,
target7_permeability_klogh-4dd6795d149892c5e7e8,15/9-F-1 C,15/9-F-1,3452.4,0.3787788450717926,0.47084981093588674,0.4605000032512687,0.6013544636846079,,
target7_permeability_klogh-bd0cea00a7366427aca5,15/9-F-1 C,15/9-F-1,3454.4,0.014198719523847103,0.2213244436405697,0.014300000125807844,0.24772818237487,,
target7_permeability_klogh-3f14f60a1f64c5e6d585,15/9-F-1 C,15/9-F-1,3456.4,0.5480635762214661,2.034270022044093,0.7298999530343772,6.64666818843743,,
target7_permeability_klogh-5c00d0b9cd6056fd9f16,15/9-F-1 C,15/9-F-1,3458.4,1.2939597368240356,3.0994069014956054,2.6471999522469956,21.18478961320468,,
target7_permeability_klogh-d05a003287c8d616b150,15/9-F-1 C,15/9-F-1,3460.4,2.0399467945098877,2.9742808315937035,6.690200027132498,18.575540076157317,,
target7_permeability_klogh-759c300076c3e2d106d2,15/9-F-1 C,15/9-F-1,3462.4,1.443548560142517,2.6247842059829702,3.2356998154974232,12.801595562946181,,
target7_permeability_klogh-f65c1a5f4e1d00af2f5d,15/9-F-1 C,15/9-F-1,3464.4,1.2829595804214478,2.6842913323385886,2.60730003732782,13.647817266847325,,
target7_permeability_klogh-c77464ab9802b7d93a76,15/9-F-1 C,15/9-F-1,3466.4,0.2348349392414093,1.608950910442723,0.26469999916228254,3.997565582874222,,
target7_permeability_klogh-dc5666c7b98269edbeb1,15/9-F-1 C,15/9-F-1,3468.4,0.016070179641246796,-0.40869581270205524,0.016199999455065117,0.0,,
target7_permeability_klogh-cf21b97890a840fb78d5,15/9-F-1 C,15/9-F-1,3470.4,0.0011992806103080511,-1.1985496781667355,0.001200000034867745,0.0,,
target7_permeability_klogh-4c852b7e5e934b521c99,15/9-F-1 C,15/9-F-1,3472.4,2.0651144981384277,1.5000389877172693,6.886200801274536,3.4818638045706503,,
target7_permeability_klogh-8568512b257ba463b75f,15/9-F-1 C,15/9-F-1,3474.4,0.25681039690971375,2.072987278402229,0.29279998464802576,6.948532165923255,,
target7_permeability_klogh-9669c75af444ded14625,15/9-F-1 C,15/9-F-1,3476.4,0.11243543028831482,0.6528361678800425,0.11900000107259132,0.9209813358345194,,
target7_permeability_klogh-6a8b9d7e71df88154c57,15/9-F-1 C,15/9-F-1,3478.4,0.04267627373337746,0.6612075397389763,0.043599999429089376,0.9371300842113197,,
target7_permeability_klogh-fe25c68010ca17fa4d27,15/9-F-1 C,15/9-F-1,3480.4,3.5223968029022217,3.2755548815820132,32.8655001977143,25.45790241095358,,
target7_permeability_klogh-f42f6652b8febb1ac79b,15/9-F-1 C,15/9-F-1,3482.4,4.230572700500488,5.031782132679494,67.75659783839654,152.20580261703148,,
target7_permeability_klogh-fce05b44316f73eccba3,15/9-F-1 C,15/9-F-1,3484.4,3.5876078605651855,5.09005191578051,35.147502553641715,161.39829286876886,,
target7_permeability_klogh-31cb2d932b0a25a6db65,15/9-F-1 C,15/9-F-1,3486.4,4.367799758911133,5.142862839316637,77.86990784055611,170.20520038324193,,
target7_permeability_klogh-4b0cc2617cfc0f28102c,15/9-F-1 C,15/9-F-1,3488.4,3.424119234085083,5.157003593868907,29.695597306128143,172.6433692455774,,
target7_permeability_klogh-2fc20a66abc004c4885c,15/9-F-1 C,15/9-F-1,3490.4,5.785538673400879,5.612301209041268,324.557361979138,272.7735237761752,,
target7_permeability_klogh-4d82fd96a829f11b8211,15/9-F-1 C,15/9-F-1,3492.4,5.969942569732666,6.104910132895043,390.48318712018096,447.0523744763069,,
target7_permeability_klogh-eedd437e9cb9e1c2fe7a,15/9-F-1 C,15/9-F-1,3494.4,6.1121368408203125,5.7573669702832255,450.3020461931329,315.5138404358417,,
target7_permeability_klogh-5b7481cdd0ae1db6ad22,15/9-F-1 C,15/9-F-1,3496.4,1.5312817096710205,5.256108154962984,3.624099779140094,190.73383897779757,,
target7_permeability_klogh-05d6ea00de95df2c2db9,15/9-F-1 C,15/9-F-1,3498.4,5.6971564292907715,5.717764613934462,297.0187575403591,303.2241039709556,,
target7_permeability_klogh-79483bc8cf8bedb6c434,15/9-F-1 C,15/9-F-1,3500.4,5.715003967285156,6.196035475804629,302.3854069234414,489.7993928650073,,
target7_permeability_klogh-b9ef28e30b430bb4a852,15/9-F-1 C,15/9-F-1,3502.4,4.807338714599609,5.272585757777507,121.40542788976506,193.91932553941197,,
target7_permeability_klogh-564a9bb8cb7641dbb7cc,15/9-F-1 C,15/9-F-1,3504.4,1.096777319908142,4.055899801199001,1.9945001412977679,56.73709153416832,,
target7_permeability_klogh-e1e22fb97025af162c35,15/9-F-1 C,15/9-F-1,3506.4,3.2458136081695557,4.489396544297869,24.68259713297235,88.06768125787609,,
target7_permeability_klogh-f2e2e92699cce717a031,15/9-F-1 C,15/9-F-1,3508.4,2.9867570400238037,4.8596903750666804,18.82129847296903,127.98425918138611,,
target7_permeability_klogh-3317d8bf3b6f478f3673,15/9-F-1 C,15/9-F-1,3510.4,3.1361114978790283,4.692028272229173,22.01420186767454,108.07418774544128,,
target7_permeability_klogh-2c139f91fbee538d7d89,15/9-F-1 C,15/9-F-1,3512.4,3.6220717430114746,4.99768892214784,36.415001851262545,147.07056077579526,,
target7_permeability_klogh-5ad1a369946f7213529f,15/9-F-1 C,15/9-F-1,3514.4,4.421206474304199,5.370144641250984,82.1965993923873,213.89394798600134,,
target7_permeability_klogh-b70fc0a9377eae32ff31,15/9-F-1 C,15/9-F-1,3516.4,4.557896137237549,5.542134492176604,94.38259669551587,254.22218823267974,,
target7_permeability_klogh-8ec1395e6c6115e5bf6e,15/9-F-1 C,15/9-F-1,3518.4,4.7386884689331055,5.7976374067376515,113.28421604644834,328.52011751009087,,
target7_permeability_klogh-f542c027fc80c3f0d0b1,15/9-F-1 C,15/9-F-1,3520.4,5.403135776519775,5.9582297997073494,221.10178693925585,385.9245836335305,,
target7_permeability_klogh-69928a5bf2b0cec1f75d,15/9-F-1 C,15/9-F-1,3522.4,4.879754066467285,5.927016080004379,130.5982954720495,374.03377178335796,,
target7_permeability_klogh-e88c35b9851742f76cee,15/9-F-1 C,15/9-F-1,3524.4,4.939499378204346,5.7121411609201225,138.70029503852928,301.51811528578844,,
target7_permeability_klogh-450798bdbfdaabeec9b5,15/9-F-1 C,15/9-F-1,3526.4,4.7703142166137695,5.722931187957848,116.9562999673936,304.79996772675236,,
target7_permeability_klogh-d366fbe7647203a437dd,15/9-F-1 C,15/9-F-1,3528.4,5.022420883178711,5.634761302576458,150.77829691697787,278.99207594614666,,
target7_permeability_klogh-081f2cb5a0e91b81171f,15/9-F-1 C,15/9-F-1,3530.4,3.981196403503418,4.442264391699968,52.581100511654945,83.96712285273578,,
target7_permeability_klogh-b5af172fd580edb2f420,15/9-F-1 C,15/9-F-1,3532.4,1.7200665473937988,3.273970245245268,4.584900112456919,25.41600945871266,,
target7_permeability_klogh-10ff30f5bb49a988c10c,15/9-F-1 C,15/9-F-1,3534.4,2.3208768367767334,2.9505532458427215,9.184600624423155,18.116526942226677,,
target7_permeability_klogh-7415508274143950f602,15/9-F-1 C,15/9-F-1,3536.4,0.7146151065826416,2.4172818979441786,1.0434000396571947,10.215333426592414,,
target7_permeability_klogh-90e1fa5d930f59aae91a,15/9-F-1 C,15/9-F-1,3538.4,1.1368389129638672,2.4768406610636955,2.116899983865564,10.903597448916688,,
target7_permeability_klogh-3da80004f6435fdd44a6,15/9-F-1 C,15/9-F-1,3540.4,2.4561126232147217,3.0910385165529672,10.65939885262612,20.999913390452814,,
target7_permeability_klogh-8a7e44a242d7fef5105c,15/9-F-1 C,15/9-F-1,3542.4,2.1670174598693848,4.017773576396059,7.732201023272381,54.57722952175282,,
target7_permeability_klogh-2da4590ce32a7063dc58,15/9-F-1 C,15/9-F-1,3544.4,2.9362952709198,4.902392075568623,17.84589787635134,133.61139549734148,,
target7_permeability_klogh-cd1c8a6f953ab29f10e3,15/9-F-1 C,15/9-F-1,3546.4,4.323044776916504,5.419338091659056,74.41790977017361,224.7296606972686,,
target7_permeability_klogh-dd94ba1c713c9e2616a8,15/9-F-1 C,15/9-F-1,3548.4,7.184354305267334,5.495235580588128,1317.6375260282807,242.52889008264307,,
target7_permeability_klogh-32eee6e5286711a47cef,15/9-F-1 C,15/9-F-1,3550.4,5.076457500457764,5.225643292120225,159.2055215200768,184.9807720176332,,
target7_permeability_klogh-938242b1f24f2bc34e2b,15/9-F-1 C,15/9-F-1,3552.4,5.177364349365234,5.549007277091512,176.2151177884709,255.98231700281818,,
target7_permeability_klogh-6d520752fed9fa3ea782,15/9-F-1 C,15/9-F-1,3554.4,5.3728766441345215,5.781253153351032,214.4818415693745,323.16516465249987,,
target7_permeability_klogh-4ab6e11be3e74099b35d,15/9-F-1 C,15/9-F-1,3556.4,2.0887482166290283,3.2187853531221697,7.074800933680237,23.99773830866035,,
target7_permeability_klogh-e3a8893881f4f4f9d127,15/9-F-1 C,15/9-F-1,3558.4,1.2355586290359497,2.9542646487967628,2.440299835384495,18.18760790023773,,
target7_permeability_klogh-5d953009833d78728009,15/9-F-1 C,15/9-F-1,3560.4,2.9531168937683105,4.074582586505631,18.165597860269514,57.82592072976452,,
target7_permeability_klogh-f1248e57386a2b383ed7,15/9-F-1 C,15/9-F-1,3562.4,1.7168024778366089,2.7437801287622143,4.566700328858296,14.545638683354667,,
target7_permeability_klogh-dcc3e778bef43db4f920,15/9-F-1 C,15/9-F-1,3564.4,0.4821174740791321,1.9025078494377472,0.6195000234015892,5.702682701311286,,
target7_permeability_klogh-0e916b38f6f556d75147,15/9-F-1 C,15/9-F-1,3566.4,1.3883922100067139,2.34627107038765,3.008400203645473,9.446542583232898,,
target7_permeability_klogh-b3a4e2aa0f44a76f2f09,15/9-F-1 C,15/9-F-1,3568.4,1.33144211769104,2.7313768445565447,2.7865000307437287,14.354012561893105,,
target7_permeability_klogh-63dcd47d25d48ca0753e,15/9-F-1 C,15/9-F-1,3570.4,1.4763178825378418,2.7624863719667485,3.376800082154124,14.839176113021812,,
target7_permeability_klogh-1cf699d46605f4e4568f,15/9-F-1 C,15/9-F-1,3572.4,1.4244568347930908,3.2799519721482002,3.155600052272675,25.574496353251604,,
target7_permeability_klogh-a2388fb4ffcfdf6941e0,15/9-F-1 C,15/9-F-1,3574.4,3.286149263381958,4.001430216073915,25.739697617985936,53.676293052308466,,
target7_permeability_klogh-477e2423c2b854e02a77,15/9-F-1 C,15/9-F-1,3576.4,0.15074488520622253,2.855216224920526,0.16269999827199189,16.378194400145357,,
target7_permeability_klogh-684e048b3d2179651912,15/9-F-1 C,15/9-F-1,3578.4,1.4826948642730713,3.553144431432805,3.404800039056769,33.92295786537673,,
target7_permeability_klogh-680abf4e58dd10bcaaf3,15/9-F-1 C,15/9-F-1,3580.4,6.258878707885742,5.69406286151007,521.6325876340647,296.0982408884399,,
target7_permeability_klogh-eef05b5340e49b60f460,15/9-F-1 C,15/9-F-1,3582.4,6.092349052429199,6.095568751324605,441.4595520304311,442.88643439450794,,
target7_permeability_klogh-65d36696d099da54e40e,15/9-F-1 C,15/9-F-1,3584.4,4.930578708648682,5.779492206997982,137.45961693692806,322.5948295002033,,
target7_permeability_klogh-d3e18ae25b4a87154d60,15/9-F-1 C,15/9-F-1,3586.4,4.688633918762207,5.268636525105901,107.70457904427381,193.15106179531824,,
target7_permeability_klogh-5d8d92190e71c54cfce8,15/9-F-1 C,15/9-F-1,3588.4,2.2740416526794434,3.0057635899502593,8.718600753217222,19.20163597421486,,
target7_permeability_klogh-08e6aefd99a2262155f6,15/9-F-1 C,15/9-F-1,3590.4,0.09248802065849304,1.7816502936259666,0.09690000134188345,4.9396505021756765,,
target7_permeability_klogh-58c0faf1cbb57f95c95a,15/9-F-1 C,15/9-F-1,3592.4,4.72709846496582,3.9874417438158867,111.96730775668286,52.916779843421466,,
target7_permeability_klogh-c81b52b86eb650c27b1b,15/9-F-1 C,15/9-F-1,3594.4,0.6848125457763672,3.0777073513891517,0.9834000039796515,20.708575165160482,,
target7_permeability_klogh-fa5ef08f53f90cfcb444,15/9-F-1 C,15/9-F-1,3596.4,0.04200529307126999,0.4274267833554406,0.04289999888017555,0.5333069119713416,,
target7_permeability_klogh-bbb701d342697e15c27f,15/9-F-1 C,15/9-F-1,3598.4,0.0025966258253902197,0.07450671080882998,0.0025999999780673645,0.07735257340515837,,
target7_permeability_klogh-28c86b9a6b9c6f2defac,15/9-F-1 C,15/9-F-1,3600.4,1.5383714437484741,2.989721815311775,3.6569999056875266,18.8801513685532,,
target7_permeability_klogh-1112ad6c7affac75e5de,15/9-F-1 C,15/9-F-1,3602.4,5.271359920501709,5.630639574824963,193.68053255496557,277.8403999145012,,
target7_permeability_klogh-a9cb7e0ab08f3ad7e312,15/9-F-1 C,15/9-F-1,3604.4,4.9931793212890625,5.8298801805965805,146.40432500553683,339.31789994098807,,
target7_permeability_klogh-aa0a0d9cc67fb5e96dfc,15/9-F-1 C,15/9-F-1,3606.4,4.58271598815918,5.233821561721865,96.7796021348382,186.50800947945396,,
target7_permeability_klogh-4a0c51ddb62e18caeed7,15/9-F-1 C,15/9-F-1,3608.4,1.9430489540100098,2.8389688652420006,5.980000259905391,16.098125972337876,,
target7_permeability_klogh-b50ed0e6d9710e357d9d,15/9-F-1 C,15/9-F-1,3610.4,0.009257021360099316,0.7136767554482,0.009300000098328582,1.0414835122403279,,
target7_permeability_klogh-b19b9bfb6ac7bd64e9cf,15/9-F-1 C,15/9-F-1,3612.4,0.013508349657058716,2.4275880268552132,0.013599999627265295,10.331517775719467,,
target7_permeability_klogh-53ba80a091ac5b9e6793,15/9-F-1 C,15/9-F-1,3614.4,8.301225662231445,6.646677283176746,4027.8073259017146,769.2208432772584,,
target7_permeability_klogh-39e34f65da8029c76e87,15/9-F-1 C,15/9-F-1,3616.4,7.841622829437256,8.030738137301158,2543.3304997284217,3073.0098774007142,,
target7_permeability_klogh-aaffd0cde1d172b756ba,15/9-F-1 C,15/9-F-1,3618.4,8.714533805847168,8.066554737594249,6089.794462738018,3185.105927098752,,
target7_permeability_klogh-2a2003ae0209e7966f6c,15/9-F-1 C,15/9-F-1,3620.4,8.374061584472656,8.134070810752702,4332.20002773787,3407.6473183826274,,
target7_permeability_klogh-e359ed6c0d0ddcdf1db6,15/9-F-1 C,15/9-F-1,3622.4,8.590761184692383,8.190706455206454,5380.708590918048,3606.2697209945895,,
target7_permeability_klogh-1800fa0a332d5580062b,15/9-F-1 C,15/9-F-1,3624.4,8.41368579864502,7.941876706324338,4507.346784409731,2811.6340464145896,,
target7_permeability_klogh-af5e6c85de1c34a5d676,15/9-F-1 C,15/9-F-1,3626.4,7.667405128479004,7.570720191768655,2136.5276330691545,1939.537337441489,,
target7_permeability_klogh-77f0ea0dd550f8ee057b,15/9-F-1 C,15/9-F-1,3628.4,7.454308986663818,6.905111775770423,1726.2900023553518,996.3599877660864,,
target7_permeability_klogh-bfc69decfba7882f98e3,15/9-F-1 C,15/9-F-1,3630.4,5.359382629394531,6.564207305842377,211.59365685189815,708.2494554050195,,
target7_permeability_klogh-270b337df3b449fa3360,15/9-F-1 C,15/9-F-1,3632.4,7.1629958152771,6.673356297230634,1289.772061064536,790.0461399508634,,
target7_permeability_klogh-e1bbbf60096d023fb906,15/9-F-1 C,15/9-F-1,3634.4,6.359223365783691,6.322381380719159,576.7974448304992,555.8975998349697,,
target7_permeability_klogh-964da92a57e2927e5193,15/9-F-1 C,15/9-F-1,3636.4,7.128649711608887,6.3782346987552305,1246.1917608560416,587.8872261936311,,
target7_permeability_klogh-d84e924bcaabcbc11c55,15/9-F-1 C,15/9-F-1,3638.4,6.161767959594727,5.319632407845226,473.26581687097774,203.30876588827644,,
target7_permeability_klogh-cc884c8d4ed37288d245,15/9-F-1 C,15/9-F-1,3640.4,3.369101047515869,4.432468682127447,28.05239858954889,83.13887286517077,,
target7_permeability_klogh-94840f2af6b140144649,15/9-F-1 C,15/9-F-1,3642.4,2.760636329650879,4.213246450199788,14.809900056286269,66.5755647967293,,
target7_permeability_klogh-526bfec98814c173b9de,15/9-F-1 C,15/9-F-1,3644.4,3.3155486583709717,4.359759634319765,26.537498519653163,77.2383263542331,,
target7_permeability_klogh-bba15a9b10e253522313,15/9-F-1 C,15/9-F-1,3646.4,4.6375532150268555,5.0061328801212825,102.29130652433179,148.32615600439706,,
target7_permeability_klogh-f3bd73e6572aa5a6bf5d,15/9-F-1 C,15/9-F-1,3648.4,4.9241533279418945,5.200938706355341,136.57281326221377,180.44248317143877,,
target7_permeability_klogh-6731d062c575c389d48c,15/9-F-1 C,15/9-F-1,3650.4,4.215516090393066,4.477373958247605,66.72911119630221,87.00326871241283,,
target7_permeability_klogh-c5294fa7f741a8749405,15/9-F-1 C,15/9-F-1,3652.4,3.701138973236084,4.162542403756036,39.49339900250422,63.23462552854319,,
target7_permeability_klogh-f7cada25c650921774a3,15/9-F-1 C,15/9-F-1,3654.4,3.347487211227417,3.9551878482429577,27.43120220401674,51.205499734800505,,
target7_permeability_klogh-8ab6bcb2fb2e5d1e1b5a,15/9-F-1 C,15/9-F-1,3656.4,2.4801621437072754,3.7279844730405234,10.943200775711247,40.59518739856999,,
target7_permeability_klogh-39c51e205c1f818017c6,15/9-F-1 C,15/9-F-1,3658.4,2.0896146297454834,3.378295564693554,7.081800078759653,28.320753172307615,,
target7_permeability_klogh-9b30e0ce5e5d39c4e011,15/9-F-1 C,15/9-F-1,3660.4,1.4272443056106567,3.1245350674727823,3.1671998256519065,21.74931573751562,,
target7_permeability_klogh-d05319717f5fc2a8ca81,15/9-F-1 C,15/9-F-1,3662.4,2.5000250339508057,3.127578543156582,11.182798940475385,21.81865819430126,,
target7_permeability_klogh-fc7f3a3f726a2225176e,15/9-F-1 C,15/9-F-1,3664.4,1.2917089462280273,2.7692250939811425,2.63900010042914,14.946272358424697,,
target7_permeability_klogh-258f87f6626412811e23,15/9-F-1 C,15/9-F-1,3666.4,2.0674068927764893,2.8812913808297123,6.904299822830065,16.837293051002796,,
target7_permeability_klogh-be62072488d4ba7738d5,15/9-F-1 C,15/9-F-1,3668.4,1.852384090423584,2.892154566449311,5.374999996041725,17.03211917662072,,
target7_permeability_klogh-13aa8ae42872defd6e07,15/9-F-1 C,15/9-F-1,3670.4,2.7421681880950928,2.379525513344552,14.52060022184333,9.799777297811437,,
target7_permeability_klogh-142a33cec064f34a14d5,15/9-F-1 C,15/9-F-1,3672.4,0.007174203637987375,0.18079554611789161,0.007199999889194923,0.19817018370341868,,
target7_permeability_klogh-a35b25fc568f2edc4997,15/9-F-1 C,15/9-F-1,3674.4,0.24521811306476593,0.7417958241504574,0.2779000094976664,1.099702827812754,,
target7_permeability_klogh-8203a1f0e8dbcdc745c7,15/9-F-1 C,15/9-F-1,3676.4,0.8510052561759949,1.8505344800323376,1.3419999789230992,5.363219627709134,,
target7_permeability_klogh-7ba86d50181a45423236,15/9-F-1 C,15/9-F-1,3678.4,0.9051084518432617,2.315627660011055,1.4722000231686576,9.131279922784328,,
target7_permeability_klogh-2d828bd6f773ce9724de,15/9-F-1 C,15/9-F-1,3680.4,2.706008195877075,3.0192116269952,13.969401173737078,19.475143269319215,,
target7_permeability_klogh-ce606db263e24b13a895,15/9-F-1 C,15/9-F-1,3682.4,2.200485944747925,3.1126357731736736,8.029400223110462,21.48021913943926,,
target7_permeability_klogh-adc4bab08a9b2d9fd7bd,15/9-F-1 C,15/9-F-1,3684.4,2.2464168071746826,3.250603167339101,8.453800284503115,24.805900500241407,,
target7_permeability_klogh-800622f47d9cb5218aa1,15/9-F-1 C,15/9-F-1,3686.4,1.7521519660949707,3.0876239926970905,4.766999720079602,20.92492226370946,,
target7_permeability_klogh-3f9d4afa9e4fe3e34d7f,15/9-F-1 C,15/9-F-1,3688.4,1.3716374635696411,2.752199210393899,2.941799967651162,14.67707117856234,,
target7_permeability_klogh-b4fab0e8f295018ce382,15/9-F-1 C,15/9-F-1,3690.4,1.6672728061676025,2.5208325341171007,4.2977002228347825,11.438948202734514,,
target7_permeability_klogh-5e032c9727834130ce66,15/9-F-1 C,15/9-F-1,3692.4,1.4707504510879517,2.6401859870635898,3.352500254306766,13.015810124705807,,
target7_permeability_klogh-bfb610add42b7595c53c,15/9-F-1 C,15/9-F-1,3694.4,1.5908461809158325,2.676592244164208,3.9079001431775016,13.53547544985519,,
target7_permeability_klogh-3445367ea254a7e95acb,15/9-F-1 C,15/9-F-1,3696.4,1.574535846710205,2.5139195750225394,3.8284999337789074,11.353254801385326,,
target7_permeability_klogh-8da54cf9017c67d4b2db,15/9-F-1 C,15/9-F-1,3698.4,1.8466578722000122,2.42426497113086,5.33859967244981,10.293925006736133,,
target7_permeability_klogh-9b15ef28538187100cbb,15/9-F-1 C,15/9-F-1,3700.4,1.2393882274627686,2.1317570402595343,2.4535000618724854,7.4296650679656056,,
target7_permeability_klogh-7a31fd0a92aa50641fdc,15/9-F-1 C,15/9-F-1,3702.4,1.307088851928711,2.356617727880381,2.6954001810368946,9.555190483371705,,
target7_permeability_klogh-2610f2b7513df322dbef,15/9-F-1 C,15/9-F-1,3704.4,2.5972824096679688,4.118779270608964,12.42719878253216,60.48414093663168,,
target7_permeability_klogh-174aa3b54229f6228ed9,15/9-F-1 C,15/9-F-1,3706.4,8.523039817810059,6.703854599159309,5028.3187563595175,814.5433670766722,,
target7_permeability_klogh-772d007fdb3a22a71ce9,15/9-F-1 C,15/9-F-1,3708.4,8.605778694152832,7.507609835208804,5462.138356363098,1820.8538038282359,,
target7_permeability_klogh-f1d9c03fa21c17f0c321,15/9-F-1 C,15/9-F-1,3710.4,8.117056846618652,7.169148088475253,3350.143288074774,1297.737721755822,,
target7_permeability_klogh-e9a81779881a22b307b8,15/9-F-1 C,15/9-F-1,3712.4,6.452452659606934,6.248150825236123,633.2560007485306,516.0558135387195,,
target7_permeability_klogh-028472d4151c40c69a5b,15/9-F-1 C,15/9-F-1,3714.4,7.899623870849609,6.921978659658619,2695.2679925305915,1013.3250142413652,,
target7_permeability_klogh-085613388d1b008a9f77,15/9-F-1 C,15/9-F-1,3716.4,8.019913673400879,7.315877624686135,3039.9148097784837,1502.9911567712288,,
target7_permeability_klogh-0464eb168feec2aab111,15/9-F-1 C,15/9-F-1,3718.4,7.877903461456299,7.750051366991585,2637.335385454324,2320.691669864607,,
target7_permeability_klogh-364eea1f101e6823c3a7,15/9-F-1 C,15/9-F-1,3720.4,7.824300765991211,7.740556546747715,2499.63696896941,2298.751946487258,,
target7_permeability_klogh-978eff9cc1aa3e3d8c10,15/9-F-1 C,15/9-F-1,3722.4,7.8893303871154785,7.735969499384434,2667.656355575233,2288.2270329778594,,
target7_permeability_klogh-8c7aaea93310bb30851a,15/9-F-1 C,15/9-F-1,3724.4,7.730717658996582,7.595495343116676,2276.235893326312,1988.214951432593,,
target7_permeability_klogh-d2d0328ec3405adc06d0,15/9-F-1 C,15/9-F-1,3726.4,8.216083526611328,7.840447728636132,3698.983083561017,2540.3424109164903,,
target7_permeability_klogh-262efd7ad808a4effd60,15/9-F-1 C,15/9-F-1,3728.4,7.94279670715332,7.849399697813224,2814.2228627429,2563.194563118718,,
target7_permeability_klogh-b0757d1618439bc60446,15/9-F-1 C,15/9-F-1,3730.4,7.6043901443481445,7.111320661125447,2005.9875477111052,1224.7652981836884,,
target7_permeability_klogh-dd4b59b14ab7095c7106,15/9-F-1 C,15/9-F-1,3732.4,7.093843936920166,6.79858802170873,1203.5290467054087,895.5804453559385,,
target7_permeability_klogh-aae7e2e7cb26e9d6a8cb,15/9-F-1 C,15/9-F-1,3734.4,8.00489330291748,7.55626672101341,2994.5804643849197,1911.6915566281218,,
target7_permeability_klogh-b360a9d2708ec515b5ba,15/9-F-1 C,15/9-F-1,3736.4,8.265440940856934,8.073530855999138,3886.186619368072,3207.410287771527,,
target7_permeability_klogh-76fd586cd4a20c0d45c2,15/9-F-1 C,15/9-F-1,3738.4,8.286626815795898,8.139836609480563,3969.4186272652937,3427.3576610842188,,
target7_permeability_klogh-5eafdf5a4e87866f4548,15/9-F-1 C,15/9-F-1,3740.4,7.940320014953613,8.000609186378666,2807.259049409061,2981.7744992838907,,
target7_permeability_klogh-e2c71a9943c13b21818d,15/9-F-1 C,15/9-F-1,3742.4,8.083060264587402,7.961567713222889,3238.1306814388413,2867.5665189368506,,
target7_permeability_klogh-c8fd5c22da5789d475c5,15/9-F-1 C,15/9-F-1,3744.4,7.811002731323242,7.825367416969264,2466.6035385107302,2502.3056988867784,,
target7_permeability_klogh-9f3fc596144eb95839f2,15/9-F-1 C,15/9-F-1,3746.4,7.808558940887451,7.590179081131778,2460.5805949873566,1977.667824093357,,
target7_permeability_klogh-d97818a21fa6311f800d,15/9-F-1 C,15/9-F-1,3748.4,7.307616233825684,7.405223974521883,1490.6172810632552,1643.5531328324894,,
target7_permeability_klogh-205c27af29d67508c0e3,15/9-F-1 C,15/9-F-1,3750.4,7.63029146194458,7.391883478628941,2058.650242026828,1621.7596695341642,,
target7_permeability_klogh-8e48062bc82955df4eaa,15/9-F-1 C,15/9-F-1,3752.4,7.677646636962891,7.491815932845105,2158.531625163498,1792.3056594677703,,
target7_permeability_klogh-651d9b75dec44eddbfde,15/9-F-1 C,15/9-F-1,3754.4,7.625853061676025,7.737032298135011,2049.5289467927587,2290.66131395455,,
target7_permeability_klogh-1e5e586e8a51a51c9ebf,15/9-F-1 C,15/9-F-1,3756.4,4.807351589202881,6.833102898932035,121.40700382123214,927.0660445333738,,
target7_permeability_klogh-e9740dc12917b44e794b,15/9-F-1 C,15/9-F-1,3758.4,5.362122535705566,5.976048783082973,212.1769422627841,392.8809802517039,,
target7_permeability_klogh-97f228f4efaacdb601be,15/9-F-1 C,15/9-F-1,3760.4,7.712324142456055,6.961237540940292,2234.732385108837,1053.9382790622906,,
target7_permeability_klogh-e5c86d3fc4d39d2af4b0,15/9-F-1 C,15/9-F-1,3762.4,7.772878646850586,7.488483166448152,2374.2991034895936,1786.3389389920417,,
target7_permeability_klogh-54fa2ee7c111730a8cab,15/9-F-1 C,15/9-F-1,3764.4,7.848111152648926,7.075741299366997,2559.8926104285433,1181.9200737648487,,
target7_permeability_klogh-0726370a6cb327167118,15/9-F-1 C,15/9-F-1,3766.4,5.531158924102783,6.265803747372889,251.43629607268298,525.2643996475301,,
target7_permeability_klogh-9702806d7a751d5522ba,15/9-F-1 C,15/9-F-1,3768.4,3.9701578617095947,5.834999591474788,51.992895728527046,341.06459430823463,,
target7_permeability_klogh-d83eeb4bfb0c002ec431,15/9-F-1 C,15/9-F-1,3770.4,5.406746864318848,6.062674814936861,221.90526583553336,428.52279567855845,,
target7_permeability_klogh-e825c01d40b2328edabc,15/9-F-1 C,15/9-F-1,3772.4,5.570572853088379,6.025976333333805,261.58447849302195,413.04569135770663,,
target7_permeability_klogh-8c788a442ba6c1c16ba6,15/9-F-1 C,15/9-F-1,3774.4,4.8477349281311035,5.653523946703965,126.45137612445859,284.2950610673812,,
target7_permeability_klogh-1bfd04c1d5dfdeae8605,15/9-F-1 C,15/9-F-1,3776.4,4.122476577758789,5.300443269146113,60.71188745549112,199.42563278623572,,
target7_permeability_klogh-fcfd3b06c4dacd981b92,15/9-F-1 C,15/9-F-1,3778.4,3.9324352741241455,4.9479657007792355,50.03110119071427,139.88806372174798,,
target7_permeability_klogh-82eb22295b9358aa8ebf,15/9-F-1 C,15/9-F-1,3780.4,3.5619122982025146,4.9341850563435345,34.2305039986783,137.9598519257877,,
target7_permeability_klogh-cb039c81b9d0ba381f09,15/9-F-1 C,15/9-F-1,3782.4,4.093919277191162,5.097137131896517,58.97448832339529,162.55300573514737,,
target7_permeability_klogh-e842a96567ef59349aec,15/9-F-1 C,15/9-F-1,3784.4,4.409285545349121,4.696040377516669,81.21070669541278,108.51268392904691,,
target7_permeability_klogh-ec0bea78008a21cd1e11,15/9-F-1 C,15/9-F-1,3786.4,1.813765525817871,3.833508200480828,5.133499854802892,45.22441864142896,,
target7_permeability_klogh-1e66d8e391ff85654422,15/9-F-1 C,15/9-F-1,3788.4,3.685481071472168,4.198393850182063,38.8642954129901,65.5793087723707,,
target7_permeability_klogh-e1675f47929a5716fcb3,15/9-F-1 C,15/9-F-1,3790.4,3.3427698612213135,4.488785864436187,27.297398120605727,88.01330602322538,,
target7_permeability_klogh-6283e1471bf75bb6a6f3,15/9-F-1 C,15/9-F-1,3792.4,3.725727081298828,4.578168959594772,40.50139666708191,96.33600478013452,,
target7_permeability_klogh-5bb0a3de049fb1873529,15/9-F-1 C,15/9-F-1,3794.4,3.5358593463897705,4.551294515493874,33.32449867796511,93.75499075902859,,
target7_permeability_klogh-b686a882b80393a25433,15/9-F-1 C,15/9-F-1,3796.4,3.712620496749878,4.840222648747886,39.961004188432206,125.4975131078549,,
target7_permeability_klogh-98b77c40b86d8ffe21fd,15/9-F-1 C,15/9-F-1,3798.4,4.60890531539917,4.988366852579961,99.3742113699971,145.6966505003704,,
target7_permeability_klogh-6ed828a86c0c11c07743,15/9-F-1 C,15/9-F-1,3800.4,3.7320945262908936,4.800280083847194,40.76649763968858,120.54445539045419,,
target7_permeability_klogh-b1c56d3211e685942a02,15/9-F-1 C,15/9-F-1,3802.4,3.0316929817199707,3.8845083431076297,19.732302303633528,47.643020902880586,,
target7_permeability_klogh-e24be72ed16447085f0c,15/9-F-1 C,15/9-F-1,3804.4,1.3630001544952393,2.869157140383686,2.90790003586839,16.622158932462366,,
target7_permeability_klogh-b3ce6d24dc20c08ab143,15/9-F-1 C,15/9-F-1,3806.4,1.3508225679397583,2.8825149059789688,2.860599830628226,16.859130784429098,,
target7_permeability_klogh-af35830a5e831e5ad69c,15/9-F-1 C,15/9-F-1,3808.4,1.489144206047058,2.895976636011074,3.433299903853776,17.101171066963506,,
target7_permeability_klogh-5932c71ad47f818db2f6,15/9-F-1 C,15/9-F-1,3810.4,1.656416893005371,3.017431196320952,4.240499891926617,19.438721129351823,,
target7_permeability_klogh-c7e5ad786df3b060d187,15/9-F-1 C,15/9-F-1,3812.4,1.502253532409668,3.095159091650417,3.491800090384821,21.090752712308227,,
target7_permeability_klogh-822000e4737d444fd5fb,15/9-F-1 C,15/9-F-1,3814.4,1.691699743270874,3.45665264985456,4.428700264213433,30.710652005662503,,
target7_permeability_klogh-30acb310bf9f32dd6feb,15/9-F-1 C,15/9-F-1,3816.4,3.1252682209014893,3.905540294922052,21.766000591881046,48.676912846429474,,
target7_permeability_klogh-a8526c3f6573296b0095,15/9-F-1 C,15/9-F-1,3818.4,2.645756244659424,3.741108936329239,13.094099641473456,41.14470005003629,,
target7_permeability_klogh-fc6e2d4ed8c7145463d1,15/9-F-1 C,15/9-F-1,3820.4,2.9138386249542236,3.955677237743973,17.42739884938829,51.23105481094892,,
target7_permeability_klogh-0075ce10515aa65d606f,15/9-F-1 C,15/9-F-1,3822.4,3.6651322841644287,4.344917719870205,38.06130301317619,76.08569459740232,,
target7_permeability_klogh-5454de536cb22a08a689,15/9-F-1 C,15/9-F-1,3824.4,3.131835460662842,4.069842427599072,21.91600238593408,57.54773635762475,,
target7_permeability_klogh-299153eb0508d3658903,15/9-F-1 C,15/9-F-1,3826.4,2.5836730003356934,3.802842100163655,12.245700382483554,43.82841044587582,,
target7_permeability_klogh-354a73eda961872523a5,15/9-F-1 C,15/9-F-1,3828.4,2.775571823120117,3.9128952770005636,15.047800876055202,49.04363260559511,,
target7_permeability_klogh-87f77cb5d4e83d725d12,15/9-F-1 C,15/9-F-1,3830.4,1.8058924674987793,3.1004596522643353,5.085400047495401,21.208156965364925,,
target7_permeability_klogh-ee273f686fae472ffcf7,15/9-F-1 C,15/9-F-1,3832.4,3.1492042541503906,3.669946767465632,22.317502390778586,38.249816437489905,,
target7_permeability_klogh-a412d8b7522a2a0d853d,15/9-F-1 C,15/9-F-1,3834.4,3.1252331733703613,4.286543279853338,21.765202713748558,71.71467927110608,,
target7_permeability_klogh-dafb6fbf47c3f1641f93,15/9-F-1 C,15/9-F-1,3836.4,3.26193904876709,4.300219934491748,25.100097469025336,72.71600460886877,,
target7_permeability_klogh-967a840198e27f9c880b,15/9-F-1 C,15/9-F-1,3838.4,1.9252554178237915,3.5995933127548962,5.85689981668123,35.5833534346998,,
target7_permeability_klogh-b99b5904df6d8cded959,15/9-F-1 C,15/9-F-1,3840.4,1.7066553831100464,2.7348114205459737,4.510500109992814,14.406837748910535,,
target7_permeability_klogh-e491c0638207d004c9ff,15/9-F-1 C,15/9-F-1,3842.4,1.0171129703521729,2.361934234396315,1.7652000145538005,9.611456659568304,,
target7_permeability_klogh-f083a6286b7cb3050255,15/9-F-1 C,15/9-F-1,3844.4,0.4209446907043457,1.5402962803571647,0.523400017896591,3.665972502213511,,
target7_permeability_klogh-736bc08e522fe7ac14d6,15/9-F-1 C,15/9-F-1,3846.4,1.593979001045227,2.504549698640243,3.9232998211545937,11.238046915685432,,
target7_permeability_klogh-5209c29b6552229ba030,15/9-F-1 C,15/9-F-1,3848.4,2.009769916534424,3.30589082199482,6.461600358932122,26.272826003914787,,
target7_permeability_klogh-817d7b277f126baeea3c,15/9-F-1 C,15/9-F-1,3850.4,0.4733729362487793,2.129063019849448,0.6053999831969844,7.406985940954448,,
target7_permeability_klogh-432b08ca564b16beeabe,15/9-F-1 C,15/9-F-1,3852.4,0.09294374287128448,2.1147858049679584,0.09739999695860696,7.287810368177937,,
target7_permeability_klogh-a2d755bff558114b57dc,15/9-F-1 C,15/9-F-1,3854.4,7.574749946594238,4.639830453852277,1947.3730044461665,102.52679352618328,,
target7_permeability_klogh-6ba1a03d66d25bd364c8,15/9-F-1 C,15/9-F-1,3856.4,3.102067708969116,4.9637806443847925,21.243897669912034,142.1339126821626,,
target7_permeability_klogh-1cc84a02480efdee1992,15/9-F-1 C,15/9-F-1,3858.4,3.4315648078918457,4.4532120539789934,29.924996586291307,84.90242456075296,,
target7_permeability_klogh-7f539f3ffe3c43bcc90c,15/9-F-1 C,15/9-F-1,3860.4,3.2421977519989014,4.140209590341621,24.589900245952578,61.81598569350504,,
target7_permeability_klogh-ff5be6365d694c9d3d13,15/9-F-1 C,15/9-F-1,3862.4,2.656785011291504,3.867223109548418,13.25040049584789,46.809440000466175,,
target7_permeability_klogh-995dccedf46429e4a8b9,15/9-F-1 C,15/9-F-1,3864.4,3.8918795585632324,4.078727196585494,48.002903848218516,58.0702371822595,,
target7_permeability_klogh-eddec86b6ff0fc84e06c,15/9-F-1 C,15/9-F-1,3866.4,2.468726396560669,3.7065887225390077,10.807399326998373,39.7146802916,,
target7_permeability_klogh-70b5e7d59ec15addc41e,15/9-F-1 C,15/9-F-1,3868.4,2.5809438228607178,3.5944188723040735,12.209599800215043,35.39454396382069,,
target7_permeability_klogh-60ba889854c7be894e0b,15/9-F-1 C,15/9-F-1,3870.4,2.460665225982666,3.6637047024915494,10.712600475153252,38.00557959720314,,
target7_permeability_klogh-bddacc0de3d44fe4ad37,15/9-F-1 C,15/9-F-1,3872.4,2.476109743118286,3.6001336814869855,10.894900074846946,35.603127277112804,,
target7_permeability_klogh-e0da586c8bc6394ec27b,15/9-F-1 C,15/9-F-1,3874.4,1.535037636756897,3.0187046214154063,3.641500217681931,19.464764888605377,,
target7_permeability_klogh-ca71f4bfd6c4ca47f333,15/9-F-1 C,15/9-F-1,3876.4,1.7162094116210938,2.8415175212126504,4.563399885748744,16.141758792088872,,
target7_permeability_klogh-a41ed4e28dd2902c794a,15/9-F-1 C,15/9-F-1,3878.4,2.2677037715911865,3.3126352041398284,8.657200197541162,26.45738603676975,,
target7_permeability_klogh-0577f258cb38261d0e33,15/9-F-1 C,15/9-F-1,3880.4,4.248626708984375,4.189312977662558,69.00920329040206,64.97744740604074,,
target7_permeability_klogh-ebfe773a8c28d72c82b7,15/9-F-1 C,15/9-F-1,3882.4,2.7826132774353027,3.973990684048283,15.161199509888297,52.19639782763347,,
target7_permeability_klogh-9389d297817f4bba1aaa,15/9-F-1 C,15/9-F-1,3884.4,1.645017385482788,2.8827633224113955,4.181099982090066,16.86356783708039,,
target7_permeability_klogh-34e0984505b92a784042,15/9-F-1 C,15/9-F-1,3886.4,1.559112548828125,2.398096491891411,3.7545998970443195,10.00221363272856,,
target7_permeability_klogh-c7efae23cd441d9c7d34,15/9-F-1 C,15/9-F-1,3888.4,0.3592117130756378,2.950579401484362,0.43219998494032463,18.11702695379382,,
target7_permeability_klogh-4beca667af4073fe0b83,15/9-F-1 C,15/9-F-1,3890.4,3.689391851425171,4.036097878487535,39.020501144366456,55.605031583190964,,
target7_permeability_klogh-2ae6d99bfb0746e5717a,15/9-F-1 C,15/9-F-1,3892.4,2.5876739025115967,3.787672529544763,12.298801288898074,43.15351459002836,,
target7_permeability_klogh-af663a465d294a440977,15/9-F-1 C,15/9-F-1,3894.4,2.581730842590332,3.418388360047307,12.220000107964989,29.52018780939752,,
target7_permeability_klogh-5f4054644f2c3903cb22,15/9-F-1 C,15/9-F-1,3896.4,1.3697837591171265,2.992682122570577,2.93449980376377,18.93908992002456,,
target7_permeability_klogh-21732bdbb5e8230cb40c,15/9-F-1 C,15/9-F-1,3898.4,0.45976388454437256,2.0205163179680143,0.5837000047967571,6.542218111246184,,
target7_permeability_klogh-6bdb0905779dbfb435ca,15/9-F-1 C,15/9-F-1,3900.4,2.371065855026245,2.8583116926732974,9.708800231974076,16.432071384726182,,
target7_permeability_klogh-cd95433ffe939a07ca30,15/9-F-1 C,15/9-F-1,3902.4,4.172436237335205,4.485919799386834,63.873306515317346,87.7585533411692,,
target7_permeability_klogh-f85f7c195077498d5a94,15/9-F-1 C,15/9-F-1,3904.4,6.02140474319458,5.068353751371832,411.15716423299256,157.91250239887822,,
target7_permeability_klogh-4c6a58f892a199641dfb,15/9-F-1 C,15/9-F-1,3906.4,3.801509141921997,3.416410581523108,43.76869585408183,29.45988528956456,,
target7_permeability_klogh-aebda91617e3a8f25b33,15/9-F-1 C,15/9-F-1,3908.4,1.8741225004196167,3.176786974728268,5.515099614087435,22.969614716075426,,
target7_permeability_klogh-c3186b1238c0fa5737f0,15/9-F-1 C,15/9-F-1,3910.4,1.6015468835830688,3.2816871367801728,3.9607001179244703,25.620647507782472,,
target7_permeability_klogh-01ee294805cddfcd0bc3,15/9-F-1 C,15/9-F-1,3912.4,2.2566144466400146,3.374125077233563,8.550699965658119,28.198725972206763,,
target7_permeability_klogh-988d004898f4822e74f1,15/9-F-1 C,15/9-F-1,3914.4,2.1970133781433105,3.418638420973079,7.998099407972636,29.527820670116213,,
target7_permeability_klogh-7363a197bcbedc09842e,15/9-F-1 C,15/9-F-1,3916.4,2.4541208744049072,3.744217171038948,10.636199370278412,41.27589946321926,,
target7_permeability_klogh-7fb9b8ef64c03fe94a3f,15/9-F-1 C,15/9-F-1,3918.4,5.672625541687012,5.700519511859318,289.797032699979,298.0227064642571,,
target7_permeability_klogh-5ad3fe063068a1e631b2,15/9-F-1 C,15/9-F-1,3920.4,6.208885669708252,6.715958617425484,496.1469565972959,824.4747021685458,,
target7_permeability_klogh-f3c1012d68971480ae4c,15/9-F-1 C,15/9-F-1,3922.4,6.570134162902832,6.9530333847422,712.4655573223187,1045.3188067368635,,
target7_permeability_klogh-2ad17cdeb71c1cad95ab,15/9-F-1 C,15/9-F-1,3924.4,6.392434120178223,6.919815290618319,596.3087328526284,1011.1330268025398,,
target7_permeability_klogh-3df1a1e92fa95aba98c7,15/9-F-1 C,15/9-F-1,3926.4,6.704611301422119,6.840044037504531,815.1607241362431,933.5302882048564,,
target7_permeability_klogh-32266b0911fc77930d13,15/9-F-1 C,15/9-F-1,3928.4,6.44851016998291,6.668075278722599,630.7603757669068,785.8796220575122,,
target7_permeability_klogh-48533ff403a0134d4ad0,15/9-F-1 C,15/9-F-1,3930.4,5.938162803649902,6.4709500473968475,378.2375552751984,645.0972584954418,,
target7_permeability_klogh-eeb1a0254ead7a45a6d3,15/9-F-1 C,15/9-F-1,3932.4,6.056707382202148,6.546072517267709,425.96727980540174,695.5032903070985,,
target7_permeability_klogh-bb1f7f912a5e8768b58e,15/9-F-1 C,15/9-F-1,3934.4,6.059166431427002,6.592066921529936,427.018505341792,728.2866915193686,,
target7_permeability_klogh-1e9f332f0cb05ffea7d7,15/9-F-1 C,15/9-F-1,3936.4,6.286074161529541,6.580343171620342,536.040849543735,719.7866403309439,,
target7_permeability_klogh-935a5e83e27a56d6b49a,15/9-F-1 C,15/9-F-1,3938.4,5.919351100921631,6.49365897176323,371.1701346470205,659.9372951679211,,
target7_permeability_klogh-616fbc4a46b4649ce1d8,15/9-F-1 C,15/9-F-1,3940.4,6.555935382843018,6.703352741427125,702.4067968485638,814.1341830166539,,
target7_permeability_klogh-d78b7d2e584ec90644af,15/9-F-1 C,15/9-F-1,3942.4,6.692906379699707,6.809897115024649,805.6633183753974,905.777508366546,,
target7_permeability_klogh-4491571dd8d385ae8883,15/9-F-1 C,15/9-F-1,3944.4,7.436074256896973,6.780221261429686,1695.0787649934612,879.2634709161049,,
target7_permeability_klogh-50759e832b13b3038b0e,15/9-F-1 C,15/9-F-1,3946.4,6.803835391998291,6.764972142581961,900.2975001901676,865.9420566861492,,
target7_permeability_klogh-b752606aeadca2edbd7b,15/9-F-1 C,15/9-F-1,3948.4,6.484213829040527,6.38692837897875,653.724036830889,593.0291421268113,,
target7_permeability_klogh-fc4b9e537a45f00a6ac5,15/9-F-1 C,15/9-F-1,3950.4,5.56091833114624,5.826581763473364,259.0615493180637,338.1972387725036,,
target7_permeability_klogh-718968cfca53c8216ae0,15/9-F-1 C,15/9-F-1,3952.4,5.163913726806641,5.199102644553258,173.8474233065112,180.10964920418138,,
target7_permeability_klogh-83dcc79acf4bc3105d1d,15/9-F-1 C,15/9-F-1,3954.4,4.762664318084717,5.083843075525643,116.05738891470666,160.39311154493467,,
target7_permeability_klogh-fa7e5825fad25ed10445,15/9-F-1 C,15/9-F-1,3956.4,6.135550498962402,5.541178079632005,460.9933508887141,253.9782072220416,,
target7_permeability_klogh-8c84169aa0a881f8bf26,15/9-F-1 C,15/9-F-1,3958.4,5.529257297515869,5.561292225300489,250.95671263939454,259.15880299125564,,
target7_permeability_klogh-a296b5cb55e52734673d,15/9-F-1 C,15/9-F-1,3960.4,5.334641456604004,5.482031122521697,206.3983741580715,239.33436049732907,,
target7_permeability_klogh-94735d47b9d0fa969c5e,15/9-F-1 C,15/9-F-1,3962.4,6.00371789932251,5.483273843687424,403.9314928422335,239.633214751763,,
target7_permeability_klogh-a44c6e7c6ac4a8604972,15/9-F-1 C,15/9-F-1,3964.4,4.880130290985107,4.526282685627423,130.6478152920108,91.41438844509372,,
target7_permeability_klogh-84845a7e123848be9dd1,15/9-F-1 C,15/9-F-1,3966.4,2.7864298820495605,3.835749764690878,15.222998274218421,45.328149860546,,
target7_permeability_klogh-027be53dd3b0e0b96215,15/9-F-1 C,15/9-F-1,3968.4,5.14976167678833,4.045603109730159,171.3904007867778,56.14564073508134,,
target7_permeability_klogh-ef7ead0ee8fe3367d9b0,15/9-F-1 C,15/9-F-1,3970.4,3.3212807178497314,4.0179088397218825,26.695798357676196,54.58474759110606,,
target7_permeability_klogh-8ae1e3aefb5cfdb4e08b,15/9-F-1 C,15/9-F-1,3972.4,4.625810623168945,4.644060507382034,101.08549241643178,102.96564493265684,,
target7_permeability_klogh-2a1edc3d0efac5ea248d,15/9-F-1 C,15/9-F-1,3974.4,6.907924175262451,5.973846840243729,999.1689105440939,392.0146310235087,,
target7_permeability_klogh-b9b649a1f0a84d035007,15/9-F-1 C,15/9-F-1,3976.4,6.925413608551025,6.235402995141795,1016.8151596294435,509.5063085616559,,
target7_permeability_klogh-3e9fb9b12a933ea87772,15/9-F-1 C,15/9-F-1,3978.4,6.340995788574219,5.670919232542341,566.3610017818412,289.30126614962427,,
target7_permeability_klogh-1ba0be2ebdb1c02a47f1,15/9-F-1 C,15/9-F-1,3980.4,5.777661323547363,5.349840167449824,322.00290711796276,209.57463849534145,,
target7_permeability_klogh-59ef09ebac94a7f8f19b,15/9-F-1 C,15/9-F-1,3982.4,5.303768157958984,5.02510148649773,200.0931348005596,151.18570012268717,,
target7_permeability_klogh-c269454c5fa66b2148ca,15/9-F-1 C,15/9-F-1,3984.4,4.857338905334473,4.452694098953895,127.68131292405995,84.8579424891343,,
target7_permeability_klogh-3ad87d1bd8757a0df5f4,15/9-F-1 C,15/9-F-1,3986.4,4.546711444854736,4.589845070595027,93.32171556677041,97.47917166051398,,
target7_permeability_klogh-5fa3d349a78848871718,15/9-F-1 C,15/9-F-1,3988.4,6.356625080108643,5.2749905340779035,575.2981106992253,194.38862697027565,,
target7_permeability_klogh-746b4e6d6e2e7baefa4f,15/9-F-1 C,15/9-F-1,3990.4,5.455600738525391,5.024687784132544,233.06544097021856,151.12275356006754,,
target7_permeability_klogh-3d9a0a096f46b3af83a1,15/9-F-1 C,15/9-F-1,3992.4,5.160801887512207,4.892647684947898,173.3041719180274,132.30605965756737,,
target7_permeability_klogh-43ec927b3e6067e64873,15/9-F-1 C,15/9-F-1,3994.4,5.38906717300415,4.846982898457575,217.99900206036898,126.3555649386238,,
target7_permeability_klogh-2194426ad0ad144a3d68,15/9-F-1 C,15/9-F-1,3996.4,6.281877040863037,5.28890416261235,533.7915478925214,197.1261923160346,,
target7_permeability_klogh-ebc2e1c3604e53dbb273,15/9-F-1 C,15/9-F-1,3998.4,6.496767044067383,5.537307417969267,661.9947317443791,252.9931804330355,,
target7_permeability_klogh-eb11acf7dfcb454bd0f6,15/9-F-1 C,15/9-F-1,4000.4,5.917957305908203,5.048529300359609,370.6517671021702,154.79317095626737,,
target7_permeability_klogh-85cefd4aaef6e2643b9f,15/9-F-1 C,15/9-F-1,4002.4,4.960240364074707,3.86159073026208,141.6280744422992,46.54091602523485,,
target7_permeability_klogh-fa132d5ee54721046c64,15/9-F-1 C,15/9-F-1,4004.4,0.231270432472229,0.4044101011376058,0.26019999237126706,0.4984183240304543,,
target7_permeability_klogh-9eca8eff75b31e87d9c9,15/9-F-1 C,15/9-F-1,4017.4,0.0021975834388285875,-2.1105926896011895,0.002199999895111117,0.0,,
target7_permeability_klogh-d69ac163c9bd172a3d60,15/9-F-1 C,15/9-F-1,4019.4,0.0013990208972245455,-2.076598307990962,0.0013999999834941284,0.0,,
target7_permeability_klogh-5f4136676c80a7061d2c,15/9-F-1 C,15/9-F-1,4021.4,0.0014988761395215988,-1.9257387124708,0.0015000000158093855,0.0,,
target7_permeability_klogh-dbfb4af0c8772aaab425,15/9-F-1,15/9-F-1,3387.0,0.8521147966384888,2.614285935447211,1.3445999647909028,12.657460586689904,,
target7_permeability_klogh-22ccd7a1c7df7eaa3fe5,15/9-F-1,15/9-F-1,3398.9,0.08837711066007614,1.850403155889078,0.09240000004660534,5.362384038210893,,
target7_permeability_klogh-79e1df823cffb006850f,15/9-F-1,15/9-F-1,3400.9,0.011137744411826134,1.053895623544359,0.011200000001385556,1.8688051629140865,,
target7_permeability_klogh-df1aa9a67c4cb2f18627,15/9-F-1,15/9-F-1,3402.9,0.05562390387058258,0.6967125416681093,0.05720000012959739,1.0071434491370206,,
target7_permeability_klogh-1dbaf55c05601481f6b9,15/9-F-1,15/9-F-1,3404.9,0.04697900265455246,0.8841665984182221,0.048100001530810683,1.4209659136791903,,
target7_permeability_klogh-f6bfddbb29d24ed00188,15/9-F-1,15/9-F-1,3453.2,0.23095297813415527,2.2828803620593563,0.25979999990987857,8.804881383857799,,
target7_permeability_klogh-57f16a2bc653dbe5de02,15/9-F-1,15/9-F-1,3455.2,2.350517749786377,2.60484380277933,9.491000031861466,12.529111928019024,,
