sample_id,well_id,mother_well_family,depth_m,actual_model_domain,predicted_model_domain,actual_fraction,predicted_fraction,interval_low_fraction,interval_high_fraction
target6_porosity_phif-d4c10faf065922af4fd1,15/9-F-11 A,15/9-F-11,3598.4,0.09399999678134918,0.09035737439604523,0.09399999678134918,0.09035737439604523,,
target6_porosity_phif-f2c00ca3e0f387468b24,15/9-F-11 A,15/9-F-11,3605.0,0.19099999964237213,0.16731922924732587,0.19099999964237213,0.16731922924732587,,
target6_porosity_phif-d14a2766ffa241c4b300,15/9-F-11 A,15/9-F-11,3607.0,0.19300000369548798,0.17329010196271208,0.19300000369548798,0.17329010196271208,,
target6_porosity_phif-4daf7199a815541e8825,15/9-F-11 A,15/9-F-11,3609.0,0.23000000417232513,0.17875775339285008,0.23000000417232513,0.17875775339285008,,
target6_porosity_phif-4a8b3243d8703225d0ee,15/9-F-11 A,15/9-F-11,3611.0,0.13500000536441803,0.13607438434707986,0.13500000536441803,0.13607438434707986,,
target6_porosity_phif-53cfdd8845026e454eb7,15/9-F-11 A,15/9-F-11,3613.0,0.10999999940395355,0.17872557566577346,0.10999999940395355,0.17872557566577346,,
target6_porosity_phif-b683dec0c4fcf6342c16,15/9-F-11 A,15/9-F-11,3615.0,0.2150000035762787,0.2146886373929409,0.2150000035762787,0.2146886373929409,,
target6_porosity_phif-dd16a670bbef5a4ef12b,15/9-F-11 A,15/9-F-11,3617.0,0.23999999463558197,0.2370081748907767,0.23999999463558197,0.2370081748907767,,
target6_porosity_phif-a779508cda8966a97290,15/9-F-11 A,15/9-F-11,3619.0,0.1550000011920929,0.1767395152055349,0.1550000011920929,0.1767395152055349,,
target6_porosity_phif-699fcf1b2111e66cb208,15/9-F-11 A,15/9-F-11,3621.0,0.23199999332427979,0.20166835302715888,0.23199999332427979,0.20166835302715888,,
target6_porosity_phif-3586388be7ad15d1ef7c,15/9-F-11 A,15/9-F-11,3623.0,0.22599999606609344,0.23796436207459326,0.22599999606609344,0.23796436207459326,,
target6_porosity_phif-dfe98b55bbaf97844e90,15/9-F-11 A,15/9-F-11,3625.0,0.2280000001192093,0.23652538867666434,0.2280000001192093,0.23652538867666434,,
target6_porosity_phif-f09a6325939c1b0d92a5,15/9-F-11 A,15/9-F-11,3627.0,0.1679999977350235,0.17373610775385234,0.1679999977350235,0.17373610775385234,,
target6_porosity_phif-201f756d25c7a2cdcd3e,15/9-F-11 A,15/9-F-11,3629.0,0.18799999356269836,0.13761173286028083,0.18799999356269836,0.13761173286028083,,
target6_porosity_phif-e9a61dbd9c1257449693,15/9-F-11 A,15/9-F-11,3631.0,0.11800000071525574,0.18425348412873807,0.11800000071525574,0.18425348412873807,,
target6_porosity_phif-dc738b7290bf8d226d42,15/9-F-11 A,15/9-F-11,3633.0,0.24400000274181366,0.24034746024572767,0.24400000274181366,0.24034746024572767,,
target6_porosity_phif-66fbb33f4d5b03c1fbc8,15/9-F-11 A,15/9-F-11,3635.0,0.24799999594688416,0.2475276812595727,0.24799999594688416,0.2475276812595727,,
target6_porosity_phif-e98e7059be7cf9581dfb,15/9-F-11 A,15/9-F-11,3637.0,0.23499999940395355,0.238326383450112,0.23499999940395355,0.238326383450112,,
target6_porosity_phif-8ddc3e4bfd9d7a8a6348,15/9-F-11 A,15/9-F-11,3639.0,0.22499999403953552,0.2308513038316932,0.22499999403953552,0.2308513038316932,,
target6_porosity_phif-05911f5bd93347c99103,15/9-F-11 A,15/9-F-11,3641.0,0.2160000056028366,0.20404626545549828,0.2160000056028366,0.20404626545549828,,
target6_porosity_phif-0e9dad7fdf88f32fd943,15/9-F-11 A,15/9-F-11,3643.0,0.16899999976158142,0.18431989755426678,0.16899999976158142,0.18431989755426678,,
target6_porosity_phif-a5f620c2a63e5504cc9b,15/9-F-11 A,15/9-F-11,3645.0,0.21799999475479126,0.20087208243398066,0.21799999475479126,0.20087208243398066,,
target6_porosity_phif-7a56aba3367f6a6ce984,15/9-F-11 A,15/9-F-11,3647.0,0.13899999856948853,0.14777866687771776,0.13899999856948853,0.14777866687771776,,
target6_porosity_phif-86137d4a12c06ecfd31e,15/9-F-11 A,15/9-F-11,3649.0,0.14300000667572021,0.16960387785764794,0.14300000667572021,0.16960387785764794,,
target6_porosity_phif-49722c7e21ad3f37d46e,15/9-F-11 A,15/9-F-11,3651.0,0.20499999821186066,0.18094183582622703,0.20499999821186066,0.18094183582622703,,
target6_porosity_phif-0b13770bcacf557a626e,15/9-F-11 A,15/9-F-11,3653.0,0.10499999672174454,0.1026618391849529,0.10499999672174454,0.1026618391849529,,
target6_porosity_phif-b648c8db41674a294bb5,15/9-F-11 A,15/9-F-11,3655.0,0.13699999451637268,0.11774340052061526,0.13699999451637268,0.11774340052061526,,
target6_porosity_phif-0ba560f02dcf29c497e2,15/9-F-11 A,15/9-F-11,3657.0,0.20000000298023224,0.1911107927708061,0.20000000298023224,0.1911107927708061,,
target6_porosity_phif-c14f0f98ece527d1159d,15/9-F-11 A,15/9-F-11,3659.0,0.25,0.18796275108926272,0.25,0.18796275108926272,,
target6_porosity_phif-a70500918fb415f11cd7,15/9-F-11 A,15/9-F-11,3662.7,0.013000000268220901,0.058268802868579495,0.013000000268220901,0.058268802868579495,,
target6_porosity_phif-833fffe6886b1c057a1f,15/9-F-11 A,15/9-F-11,3664.7,0.21400000154972076,0.18985549582852934,0.21400000154972076,0.18985549582852934,,
target6_porosity_phif-93a94627db3cd176f976,15/9-F-11 A,15/9-F-11,3666.7,0.21400000154972076,0.21491571443579338,0.21400000154972076,0.21491571443579338,,
target6_porosity_phif-dc1b4af3e2051bca262d,15/9-F-11 A,15/9-F-11,3668.7,0.2619999945163727,0.2449987181223245,0.2619999945163727,0.2449987181223245,,
target6_porosity_phif-d9270d0990ed7d53c1bd,15/9-F-11 A,15/9-F-11,3670.7,0.24799999594688416,0.24106535004666826,0.24799999594688416,0.24106535004666826,,
target6_porosity_phif-8a6ddd4efe9ee6487fe2,15/9-F-11 A,15/9-F-11,3672.7,0.23100000619888306,0.23189009143184608,0.23100000619888306,0.23189009143184608,,
target6_porosity_phif-58865eef78834f9a3d01,15/9-F-11 A,15/9-F-11,3674.7,0.18199999630451202,0.1995670392609258,0.18199999630451202,0.1995670392609258,,
target6_porosity_phif-8a8b7b8e647756a7dde6,15/9-F-11 A,15/9-F-11,3676.7,0.19900000095367432,0.1921322355600495,0.19900000095367432,0.1921322355600495,,
target6_porosity_phif-7c5c76f6eaea89ce7d4d,15/9-F-11 A,15/9-F-11,3678.7,0.20800000429153442,0.20811745304510473,0.20800000429153442,0.20811745304510473,,
target6_porosity_phif-ed58d65138dd9750a028,15/9-F-11 A,15/9-F-11,3680.7,0.2029999941587448,0.20905777536402814,0.2029999941587448,0.20905777536402814,,
target6_porosity_phif-dd51f79c46d13df9df2b,15/9-F-11 A,15/9-F-11,3682.7,0.18400000035762787,0.19440634529198192,0.18400000035762787,0.19440634529198192,,
target6_porosity_phif-58bb0727eb4ceb0f7c17,15/9-F-11 A,15/9-F-11,3684.7,0.22499999403953552,0.21522917875526443,0.22499999403953552,0.21522917875526443,,
target6_porosity_phif-9cf75f448a4ca8a0fbde,15/9-F-11 A,15/9-F-11,3686.7,0.21899999678134918,0.23120388282060828,0.21899999678134918,0.23120388282060828,,
target6_porosity_phif-42ff6eb56315198b2ffa,15/9-F-11 A,15/9-F-11,3688.7,0.23399999737739563,0.23655145023383028,0.23399999737739563,0.23655145023383028,,
target6_porosity_phif-46789025b14635951830,15/9-F-11 A,15/9-F-11,3690.7,0.20000000298023224,0.21840007483302648,0.20000000298023224,0.21840007483302648,,
target6_porosity_phif-c4b0f6eabb38dbc50bc7,15/9-F-11 A,15/9-F-11,3692.7,0.23600000143051147,0.22974303862606252,0.23600000143051147,0.22974303862606252,,
target6_porosity_phif-d2b90f56aa98ddae240e,15/9-F-11 A,15/9-F-11,3694.7,0.24500000476837158,0.24315234498786556,0.24500000476837158,0.24315234498786556,,
target6_porosity_phif-880f697c7221e4b117fa,15/9-F-11 A,15/9-F-11,3696.7,0.24500000476837158,0.23705278473264582,0.24500000476837158,0.23705278473264582,,
target6_porosity_phif-7e19067643ed513190a8,15/9-F-11 A,15/9-F-11,3698.7,0.2409999966621399,0.2330411956484465,0.2409999966621399,0.2330411956484465,,
target6_porosity_phif-23525eedfb788296d799,15/9-F-11 A,15/9-F-11,3700.7,0.2549999952316284,0.2320460712996245,0.2549999952316284,0.2320460712996245,,
target6_porosity_phif-5668393e542ea5c05351,15/9-F-11 A,15/9-F-11,3702.7,0.07100000232458115,0.13905880220645966,0.07100000232458115,0.13905880220645966,,
target6_porosity_phif-ffc7b6bb3b07c5fdfe7a,15/9-F-11 B,15/9-F-11,3445.5,0.08500000089406967,0.12060023278696985,0.08500000089406967,0.12060023278696985,,
target6_porosity_phif-109c202498a706b6da3a,15/9-F-11 B,15/9-F-11,3447.5,0.08799999952316284,0.096340104427874,0.08799999952316284,0.096340104427874,,
target6_porosity_phif-7054d37371c9b39eb754,15/9-F-11 B,15/9-F-11,3449.5,0.07199999690055847,0.05122509254199667,0.07199999690055847,0.05122509254199667,,
target6_porosity_phif-7a14c99abda64a5c7bb8,15/9-F-11 B,15/9-F-11,3451.5,0.019999999552965164,0.0004979170532275201,0.019999999552965164,0.0004979170532275201,,
target6_porosity_phif-82b42eabe219371aa8b4,15/9-F-11 B,15/9-F-11,3453.5,0.019999999552965164,-0.0005010670232934722,0.019999999552965164,0.0,,
target6_porosity_phif-fb7a36a562eee2f1849f,15/9-F-11 B,15/9-F-11,3455.5,0.019999999552965164,-0.026914485048952747,0.019999999552965164,0.0,,
target6_porosity_phif-e8a78f0713a9875821bf,15/9-F-11 B,15/9-F-11,3458.9,0.019999999552965164,0.0029078861850752036,0.019999999552965164,0.0029078861850752036,,
target6_porosity_phif-33722855a406d10b6ea6,15/9-F-11 B,15/9-F-11,3460.9,0.019999999552965164,0.03155056237853565,0.019999999552965164,0.03155056237853565,,
target6_porosity_phif-d865a2c3b002709643f9,15/9-F-11 B,15/9-F-11,3462.9,0.08900000154972076,0.0760071738931575,0.08900000154972076,0.0760071738931575,,
target6_porosity_phif-fc641f04ba1ecc5ee63e,15/9-F-11 B,15/9-F-11,3464.9,0.04899999871850014,0.06958975454683752,0.04899999871850014,0.06958975454683752,,
target6_porosity_phif-52354ad100b82bf4371a,15/9-F-11 B,15/9-F-11,3466.9,0.05700000002980232,0.10778014711884312,0.05700000002980232,0.10778014711884312,,
target6_porosity_phif-19dd38a5d3ba0114748a,15/9-F-11 B,15/9-F-11,3468.9,0.05900000035762787,0.09543314103441439,0.05900000035762787,0.09543314103441439,,
target6_porosity_phif-9b873f1da3fb426df840,15/9-F-11 B,15/9-F-11,3470.9,0.23899999260902405,0.19190325333680017,0.23899999260902405,0.19190325333680017,,
target6_porosity_phif-d902fd37a4aa2dfa3266,15/9-F-11 B,15/9-F-11,3472.9,0.24199999868869781,0.23639686765112294,0.24199999868869781,0.23639686765112294,,
target6_porosity_phif-687d50b2386674f91676,15/9-F-11 B,15/9-F-11,3474.9,0.23399999737739563,0.23315468772818082,0.23399999737739563,0.23315468772818082,,
target6_porosity_phif-7e89dbe3180335344b1d,15/9-F-11 B,15/9-F-11,3476.9,0.23100000619888306,0.23255864468077034,0.23100000619888306,0.23255864468077034,,
target6_porosity_phif-8becf931243700eb453b,15/9-F-11 B,15/9-F-11,3478.9,0.23800000548362732,0.23738056295595933,0.23800000548362732,0.23738056295595933,,
target6_porosity_phif-ccb4cbb19077cb1e24bd,15/9-F-11 B,15/9-F-11,3480.9,0.23999999463558197,0.24076420114682712,0.23999999463558197,0.24076420114682712,,
target6_porosity_phif-18430cd6f9daaeb31ad0,15/9-F-11 B,15/9-F-11,3482.9,0.23999999463558197,0.241995664738046,0.23999999463558197,0.241995664738046,,
target6_porosity_phif-04dcab8ebfd702556bef,15/9-F-11 B,15/9-F-11,3484.9,0.2280000001192093,0.23477737769850288,0.2280000001192093,0.23477737769850288,,
target6_porosity_phif-fe81b837afeef6068ed5,15/9-F-11 B,15/9-F-11,3486.9,0.23899999260902405,0.23503194163875202,0.23899999260902405,0.23503194163875202,,
target6_porosity_phif-e20b1f4dcc7029f3022e,15/9-F-11 B,15/9-F-11,3488.9,0.22100000083446503,0.22308090498505817,0.22100000083446503,0.22308090498505817,,
target6_porosity_phif-de3fe8167e7994c6cfe2,15/9-F-11 B,15/9-F-11,3490.9,0.21400000154972076,0.2097130023015733,0.21400000154972076,0.2097130023015733,,
target6_porosity_phif-3e824b3fa6c19c6142cd,15/9-F-11 B,15/9-F-11,3492.9,0.1979999989271164,0.20239306624368625,0.1979999989271164,0.20239306624368625,,
target6_porosity_phif-c1f12f6e2153de7885fa,15/9-F-11 B,15/9-F-11,3494.9,0.23600000143051147,0.20926809724469256,0.23600000143051147,0.20926809724469256,,
target6_porosity_phif-ba5d1bee011ad8fd005f,15/9-F-11 B,15/9-F-11,3496.9,0.23100000619888306,0.2243427838002918,0.23100000619888306,0.2243427838002918,,
target6_porosity_phif-e8bd5b90d5e3e49fff42,15/9-F-11 B,15/9-F-11,3498.9,0.2770000100135803,0.2765649460092866,0.2770000100135803,0.2765649460092866,,
target6_porosity_phif-c01eb538fd5c8c4b2551,15/9-F-11 B,15/9-F-11,3500.9,0.2709999978542328,0.2760904131735663,0.2709999978542328,0.2760904131735663,,
target6_porosity_phif-5209d8af7e548e181a0a,15/9-F-11 B,15/9-F-11,3502.9,0.29100000858306885,0.26084560538818463,0.29100000858306885,0.26084560538818463,,
target6_porosity_phif-0d59e454f2ab056f31ed,15/9-F-11 B,15/9-F-11,3504.9,0.23000000417232513,0.2199838050707827,0.23000000417232513,0.2199838050707827,,
target6_porosity_phif-21ac6ae1beccf19c0d1b,15/9-F-11 B,15/9-F-11,3506.9,0.16500000655651093,0.155699591919029,0.16500000655651093,0.155699591919029,,
target6_porosity_phif-a6bc26cb2547b16f498f,15/9-F-11 B,15/9-F-11,3508.9,0.1720000058412552,0.13808431022570652,0.1720000058412552,0.13808431022570652,,
target6_porosity_phif-a633ec1f95265e5ea876,15/9-F-11 B,15/9-F-11,3510.9,0.17800000309944153,0.15800088891145161,0.17800000309944153,0.15800088891145161,,
target6_porosity_phif-e777646b933c55f55dc0,15/9-F-11 B,15/9-F-11,3512.9,0.2409999966621399,0.23944797692343667,0.2409999966621399,0.23944797692343667,,
target6_porosity_phif-873549ae16ec742e02b6,15/9-F-11 B,15/9-F-11,3514.9,0.2549999952316284,0.273515169946805,0.2549999952316284,0.273515169946805,,
target6_porosity_phif-7f52cbf933e85b4a2428,15/9-F-11 B,15/9-F-11,3516.9,0.25600001215934753,0.2503671135225597,0.25600001215934753,0.2503671135225597,,
target6_porosity_phif-e4a51e33751720a6130c,15/9-F-11 B,15/9-F-11,3518.9,0.2070000022649765,0.19440157553463025,0.2070000022649765,0.19440157553463025,,
target6_porosity_phif-03361b7d535aaed41971,15/9-F-11 B,15/9-F-11,3520.9,0.18299999833106995,0.15860469672743926,0.18299999833106995,0.15860469672743926,,
target6_porosity_phif-8b75dab087a2b37de725,15/9-F-11 B,15/9-F-11,3522.9,0.2150000035762787,0.19971079758425817,0.2150000035762787,0.19971079758425817,,
target6_porosity_phif-0b9f21441f4e5cc35f9e,15/9-F-11 B,15/9-F-11,3524.9,0.26100000739097595,0.2645251348642172,0.26100000739097595,0.2645251348642172,,
target6_porosity_phif-9f2605b06fea4291a9f4,15/9-F-11 B,15/9-F-11,3526.9,0.26600000262260437,0.26327080668962266,0.26600000262260437,0.26327080668962266,,
target6_porosity_phif-049fea2e425c1e41fe52,15/9-F-11 B,15/9-F-11,3528.9,0.2619999945163727,0.25493745878328106,0.2619999945163727,0.25493745878328106,,
target6_porosity_phif-38f31b233c2254c1952a,15/9-F-11 B,15/9-F-11,3530.9,0.25699999928474426,0.253162540601373,0.25699999928474426,0.253162540601373,,
target6_porosity_phif-afed4e751e8c673dba87,15/9-F-11 B,15/9-F-11,3532.9,0.26100000739097595,0.25560401860841275,0.26100000739097595,0.25560401860841275,,
target6_porosity_phif-efa6fa1260b43a7b0e92,15/9-F-11 B,15/9-F-11,3534.9,0.25600001215934753,0.25508641611319594,0.25600001215934753,0.25508641611319594,,
target6_porosity_phif-29b1fe3e9b0302e2596f,15/9-F-11 B,15/9-F-11,3536.9,0.2549999952316284,0.24911428609940775,0.2549999952316284,0.24911428609940775,,
target6_porosity_phif-e938d40b62fdb1d31ff3,15/9-F-11 B,15/9-F-11,3538.9,0.23399999737739563,0.2199817224311853,0.23399999737739563,0.2199817224311853,,
target6_porosity_phif-5af9bf606266cdec5cb0,15/9-F-11 B,15/9-F-11,3540.9,0.17299999296665192,0.16483603188653861,0.17299999296665192,0.16483603188653861,,
target6_porosity_phif-7fd82e2b209d65882c0b,15/9-F-11 B,15/9-F-11,3542.9,0.16300000250339508,0.13768948594481722,0.16300000250339508,0.13768948594481722,,
target6_porosity_phif-ce0da1611ed7b6e26603,15/9-F-11 B,15/9-F-11,3544.9,0.1080000028014183,0.1169395370928319,0.1080000028014183,0.1169395370928319,,
target6_porosity_phif-7768c3edcdf2e990c5c8,15/9-F-11 B,15/9-F-11,3546.9,0.10300000011920929,0.11395787737214158,0.10300000011920929,0.11395787737214158,,
target6_porosity_phif-36a97a3456ecdb803bd9,15/9-F-11 B,15/9-F-11,3548.9,0.18000000715255737,0.1509777908123155,0.18000000715255737,0.1509777908123155,,
target6_porosity_phif-70bd7dc5696790850766,15/9-F-11 B,15/9-F-11,3550.9,0.19099999964237213,0.1566182836278805,0.19099999964237213,0.1566182836278805,,
target6_porosity_phif-b27347c0522712478135,15/9-F-11 B,15/9-F-11,3552.9,0.19099999964237213,0.14931179901545621,0.19099999964237213,0.14931179901545621,,
target6_porosity_phif-c2b27f9a3f19699682c1,15/9-F-11 B,15/9-F-11,3554.9,0.11599999666213989,0.12383706324207991,0.11599999666213989,0.12383706324207991,,
target6_porosity_phif-891bb09ce2c952a2c985,15/9-F-11 B,15/9-F-11,3556.9,0.13699999451637268,0.11340495276279498,0.13699999451637268,0.11340495276279498,,
target6_porosity_phif-2ab24bc5fcfd13467c44,15/9-F-11 B,15/9-F-11,3558.9,0.06400000303983688,0.09726565020475682,0.06400000303983688,0.09726565020475682,,
target6_porosity_phif-7c8cbaa83f1f5565b0a8,15/9-F-11 B,15/9-F-11,3560.9,0.1379999965429306,0.11286130653055045,0.1379999965429306,0.11286130653055045,,
target6_porosity_phif-0f02a82f2e8357ecb400,15/9-F-11 B,15/9-F-11,3562.9,0.12200000137090683,0.13268830873737306,0.12200000137090683,0.13268830873737306,,
target6_porosity_phif-0e0e719e834027df4c89,15/9-F-11 B,15/9-F-11,3564.9,0.1860000044107437,0.14843584958510897,0.1860000044107437,0.14843584958510897,,
target6_porosity_phif-59208b9d79191faa15d4,15/9-F-11 B,15/9-F-11,3566.9,0.16300000250339508,0.13925266162369146,0.16300000250339508,0.13925266162369146,,
target6_porosity_phif-b9cc29c5b7cd0c379348,15/9-F-11 B,15/9-F-11,3568.9,0.1550000011920929,0.1422086819910122,0.1550000011920929,0.1422086819910122,,
target6_porosity_phif-d35a248761a0a2ac913b,15/9-F-11 B,15/9-F-11,3570.9,0.16899999976158142,0.1405837047094545,0.16899999976158142,0.1405837047094545,,
target6_porosity_phif-a65eb3c8226397278dc4,15/9-F-11 B,15/9-F-11,3572.9,0.1120000034570694,0.13123713205146004,0.1120000034570694,0.13123713205146004,,
target6_porosity_phif-c28d06e1abe63ddee88c,15/9-F-11 B,15/9-F-11,3574.9,0.1720000058412552,0.14777416489827822,0.1720000058412552,0.14777416489827822,,
target6_porosity_phif-9b6d10f20637112f019f,15/9-F-11 B,15/9-F-11,3576.9,0.17599999904632568,0.16056673765812998,0.17599999904632568,0.16056673765812998,,
target6_porosity_phif-8e5f2f67c90a9be9698d,15/9-F-11 B,15/9-F-11,3578.9,0.16500000655651093,0.15257886847907884,0.16500000655651093,0.15257886847907884,,
target6_porosity_phif-2d270fdb605d0fcdfd71,15/9-F-11 B,15/9-F-11,3580.9,0.18000000715255737,0.16068615653053825,0.18000000715255737,0.16068615653053825,,
target6_porosity_phif-a4962ba674d0d6179dcb,15/9-F-11 B,15/9-F-11,3582.9,0.17000000178813934,0.157164774806734,0.17000000178813934,0.157164774806734,,
target6_porosity_phif-2c95635fc118dac2fe52,15/9-F-11 B,15/9-F-11,3584.9,0.16699999570846558,0.1384551252328958,0.16699999570846558,0.1384551252328958,,
target6_porosity_phif-d22b0db04e2104f35477,15/9-F-11 B,15/9-F-11,3586.9,0.1420000046491623,0.13900440113707258,0.1420000046491623,0.13900440113707258,,
target6_porosity_phif-2065e189d854dfafe056,15/9-F-11 B,15/9-F-11,3588.9,0.10700000077486038,0.1660317046625525,0.10700000077486038,0.1660317046625525,,
target6_porosity_phif-e1ee2b273c0446fdd0af,15/9-F-11 B,15/9-F-11,3590.9,0.25,0.2294110514024948,0.25,0.2294110514024948,,
target6_porosity_phif-840d189255740da7edfc,15/9-F-11 B,15/9-F-11,3592.9,0.25,0.24562362901193285,0.25,0.24562362901193285,,
target6_porosity_phif-9eca0c915e6e239dee4f,15/9-F-11 B,15/9-F-11,3594.9,0.25099998712539673,0.24832356452563906,0.25099998712539673,0.24832356452563906,,
target6_porosity_phif-266b2419387caf25f4d2,15/9-F-11 B,15/9-F-11,3596.9,0.2409999966621399,0.23356906426858448,0.2409999966621399,0.23356906426858448,,
target6_porosity_phif-f50f3ba5193a19665e33,15/9-F-11 B,15/9-F-11,3598.9,0.16699999570846558,0.18775589447065166,0.16699999570846558,0.18775589447065166,,
target6_porosity_phif-db4e6c4d84766cdcc1ac,15/9-F-11 B,15/9-F-11,3600.9,0.18400000035762787,0.15441769902482377,0.18400000035762787,0.15441769902482377,,
target6_porosity_phif-5b444f1dae116b75e253,15/9-F-11 B,15/9-F-11,3602.9,0.19599999487400055,0.16367014814792596,0.19599999487400055,0.16367014814792596,,
target6_porosity_phif-e01ac47e61e8ec0c1ced,15/9-F-11 B,15/9-F-11,3604.9,0.19499999284744263,0.17380070398327105,0.19499999284744263,0.17380070398327105,,
target6_porosity_phif-4a852a336ab90be168c9,15/9-F-11 B,15/9-F-11,3606.9,0.20800000429153442,0.17585206977670825,0.20800000429153442,0.17585206977670825,,
target6_porosity_phif-8823f33d25eb14002027,15/9-F-11 B,15/9-F-11,3608.9,0.17800000309944153,0.1470612595208067,0.17800000309944153,0.1470612595208067,,
target6_porosity_phif-c5c7cb9fbe28b1554d0f,15/9-F-11 B,15/9-F-11,3610.9,0.10599999874830246,0.12148785327950821,0.10599999874830246,0.12148785327950821,,
target6_porosity_phif-b51f29d995b40d28e74b,15/9-F-11 B,15/9-F-11,3612.9,0.10999999940395355,0.11037748192382713,0.10999999940395355,0.11037748192382713,,
target6_porosity_phif-3bce4dbc89cf770f7f16,15/9-F-11 B,15/9-F-11,3614.9,0.19499999284744263,0.16427671356090623,0.19499999284744263,0.16427671356090623,,
target6_porosity_phif-d4ed03acd0c29eb4b7a0,15/9-F-11 B,15/9-F-11,3616.9,0.20800000429153442,0.18155123254816408,0.20800000429153442,0.18155123254816408,,
target6_porosity_phif-fcfdef1eb9908a4c756d,15/9-F-11 B,15/9-F-11,3618.9,0.19200000166893005,0.16364546792687762,0.19200000166893005,0.16364546792687762,,
target6_porosity_phif-5b92468cfdd1cd42dc10,15/9-F-11 B,15/9-F-11,3620.9,0.1940000057220459,0.1839314729264558,0.1940000057220459,0.1839314729264558,,
target6_porosity_phif-3aec1444f76a546a3ad0,15/9-F-11 B,15/9-F-11,3622.9,0.20100000500679016,0.19113480104954958,0.20100000500679016,0.19113480104954958,,
target6_porosity_phif-eaa300c3286ec426c8ce,15/9-F-11 B,15/9-F-11,3624.9,0.1809999942779541,0.17241453254634315,0.1809999942779541,0.17241453254634315,,
target6_porosity_phif-6f515ed95783716306d2,15/9-F-11 B,15/9-F-11,3626.9,0.06499999761581421,0.10118549236960798,0.06499999761581421,0.10118549236960798,,
target6_porosity_phif-f950b156fdfdf509071c,15/9-F-11 B,15/9-F-11,3628.9,0.1509999930858612,0.10589991082605425,0.1509999930858612,0.10589991082605425,,
target6_porosity_phif-4e8b8cdc03d44ca79d01,15/9-F-11 B,15/9-F-11,3630.9,0.10000000149011612,0.11233365656717108,0.10000000149011612,0.11233365656717108,,
target6_porosity_phif-c12657398bb51ca337d8,15/9-F-11 B,15/9-F-11,3632.9,0.10300000011920929,0.12393933074979245,0.10300000011920929,0.12393933074979245,,
target6_porosity_phif-34a2b2308155a86d17ba,15/9-F-11 B,15/9-F-11,3634.9,0.17599999904632568,0.15495287262567758,0.17599999904632568,0.15495287262567758,,
target6_porosity_phif-f3f59c5bacb967935b44,15/9-F-11 B,15/9-F-11,3636.9,0.14000000059604645,0.15799349416544423,0.14000000059604645,0.15799349416544423,,
target6_porosity_phif-115a8affe7d8b3fcc64e,15/9-F-11 B,15/9-F-11,3638.9,0.1809999942779541,0.15929853237647953,0.1809999942779541,0.15929853237647953,,
target6_porosity_phif-2b40093910c76b471f86,15/9-F-11 B,15/9-F-11,3640.9,0.1770000010728836,0.1664615007384334,0.1770000010728836,0.1664615007384334,,
target6_porosity_phif-c509484ee742361354a1,15/9-F-11 B,15/9-F-11,3642.9,0.18299999833106995,0.1761262059963559,0.18299999833106995,0.1761262059963559,,
target6_porosity_phif-92eebfcac7a4b1cf53bc,15/9-F-11 B,15/9-F-11,3644.9,0.1979999989271164,0.17049785550065194,0.1979999989271164,0.17049785550065194,,
target6_porosity_phif-8eaf169f6d14b4f2e4ba,15/9-F-11 B,15/9-F-11,3646.9,0.19099999964237213,0.16996207817749234,0.19099999964237213,0.16996207817749234,,
target6_porosity_phif-a5ed7486a95960aeeefe,15/9-F-11 B,15/9-F-11,3648.9,0.19300000369548798,0.16962683496150963,0.19300000369548798,0.16962683496150963,,
target6_porosity_phif-8a82e602da84645fe23b,15/9-F-11 B,15/9-F-11,3650.9,0.18700000643730164,0.161877628055934,0.18700000643730164,0.161877628055934,,
target6_porosity_phif-c8b56d64010bf96ce1bc,15/9-F-11 B,15/9-F-11,3652.9,0.20600000023841858,0.17564063626151882,0.20600000023841858,0.17564063626151882,,
target6_porosity_phif-02eb8a24fde675fd63d0,15/9-F-11 B,15/9-F-11,3654.9,0.22100000083446503,0.19187360514731142,0.22100000083446503,0.19187360514731142,,
target6_porosity_phif-885fad769833444dec7c,15/9-F-11 B,15/9-F-11,3656.9,0.19900000095367432,0.17546119019836862,0.19900000095367432,0.17546119019836862,,
target6_porosity_phif-1fab834a4eb1445251d3,15/9-F-11 B,15/9-F-11,3658.9,0.2150000035762787,0.1983836167610185,0.2150000035762787,0.1983836167610185,,
target6_porosity_phif-55e41c1cdbda631573f0,15/9-F-11 B,15/9-F-11,3660.9,0.19499999284744263,0.2161704584952004,0.19499999284744263,0.2161704584952004,,
target6_porosity_phif-5e67bd491d70b1a444f7,15/9-F-11 B,15/9-F-11,3662.9,0.21299999952316284,0.22015544771491466,0.21299999952316284,0.22015544771491466,,
target6_porosity_phif-85163e42846581b048e1,15/9-F-11 B,15/9-F-11,3664.9,0.21799999475479126,0.22716072753588315,0.21799999475479126,0.22716072753588315,,
target6_porosity_phif-74b8bb5083611e0c5d1f,15/9-F-11 B,15/9-F-11,3666.9,0.23000000417232513,0.22346945729955608,0.23000000417232513,0.22346945729955608,,
target6_porosity_phif-7fb4eb21b3f351bc45fe,15/9-F-11 B,15/9-F-11,3668.9,0.2290000021457672,0.24167786690337661,0.2290000021457672,0.24167786690337661,,
target6_porosity_phif-a2da65a89a6e740ad18c,15/9-F-11 B,15/9-F-11,3670.9,0.23999999463558197,0.2652623300425856,0.23999999463558197,0.2652623300425856,,
target6_porosity_phif-571c75ee53f51c63d8cd,15/9-F-11 B,15/9-F-11,3672.9,0.23399999737739563,0.2506371342987186,0.23399999737739563,0.2506371342987186,,
target6_porosity_phif-f455648951b8b5cdc6bd,15/9-F-11 B,15/9-F-11,3674.9,0.23600000143051147,0.2545816922297385,0.23600000143051147,0.2545816922297385,,
target6_porosity_phif-4c633491c48432fae8db,15/9-F-11 B,15/9-F-11,3676.9,0.2409999966621399,0.26165207667929297,0.2409999966621399,0.26165207667929297,,
target6_porosity_phif-a5e39babd58bbdcd85f4,15/9-F-11 B,15/9-F-11,3678.9,0.24400000274181366,0.261318972912182,0.24400000274181366,0.261318972912182,,
target6_porosity_phif-138a479144d01882e95b,15/9-F-11 B,15/9-F-11,3680.9,0.23899999260902405,0.25661023774490366,0.23899999260902405,0.25661023774490366,,
target6_porosity_phif-1173e208f7eb0021c54d,15/9-F-11 B,15/9-F-11,3682.9,0.23600000143051147,0.25538388889924163,0.23600000143051147,0.25538388889924163,,
target6_porosity_phif-2af17b10bebaa4c61474,15/9-F-11 B,15/9-F-11,3684.9,0.2409999966621399,0.26190633836700733,0.2409999966621399,0.26190633836700733,,
target6_porosity_phif-9b4020a9f8b90c10407a,15/9-F-11 B,15/9-F-11,3686.9,0.23600000143051147,0.2539098449690814,0.23600000143051147,0.2539098449690814,,
target6_porosity_phif-fcd3267574a358c920e1,15/9-F-11 B,15/9-F-11,3688.9,0.2329999953508377,0.25173161759533114,0.2329999953508377,0.25173161759533114,,
target6_porosity_phif-0c191948457d7b37f5b5,15/9-F-11 B,15/9-F-11,3690.9,0.2370000034570694,0.25806559982935573,0.2370000034570694,0.25806559982935573,,
target6_porosity_phif-42e80cb2ab1c263c8c45,15/9-F-11 B,15/9-F-11,3692.9,0.24199999868869781,0.24897289141027623,0.24199999868869781,0.24897289141027623,,
target6_porosity_phif-ae3e891e8e6ff18c0656,15/9-F-11 B,15/9-F-11,3694.9,0.2370000034570694,0.247865003056418,0.2370000034570694,0.247865003056418,,
target6_porosity_phif-b215173e03f2d4b1e390,15/9-F-11 B,15/9-F-11,3696.9,0.24300000071525574,0.2497914771876173,0.24300000071525574,0.2497914771876173,,
target6_porosity_phif-94476b87246dcc08bf60,15/9-F-11 B,15/9-F-11,3698.9,0.23999999463558197,0.2503324370930207,0.23999999463558197,0.2503324370930207,,
target6_porosity_phif-f4647c39092514edbf5e,15/9-F-11 B,15/9-F-11,3700.9,0.23499999940395355,0.24950098877224325,0.23499999940395355,0.24950098877224325,,
target6_porosity_phif-4789e5ba8627de936e3a,15/9-F-11 B,15/9-F-11,3702.9,0.2409999966621399,0.24891322598421173,0.2409999966621399,0.24891322598421173,,
target6_porosity_phif-4826f5d7e8e46edf7708,15/9-F-11 B,15/9-F-11,3704.9,0.23499999940395355,0.2477796281122555,0.23499999940395355,0.2477796281122555,,
target6_porosity_phif-76a2ed078f4dc60956d7,15/9-F-11 B,15/9-F-11,3706.9,0.23000000417232513,0.24399720434114577,0.23000000417232513,0.24399720434114577,,
target6_porosity_phif-654aa043a5a93bb6d0c0,15/9-F-11 B,15/9-F-11,3708.9,0.23399999737739563,0.2462353355333211,0.23399999737739563,0.2462353355333211,,
target6_porosity_phif-2b93e545a95fc9788c69,15/9-F-11 B,15/9-F-11,3710.9,0.2370000034570694,0.2482319052161378,0.2370000034570694,0.2482319052161378,,
target6_porosity_phif-e13a5f3eb329780376e0,15/9-F-11 B,15/9-F-11,3712.9,0.23100000619888306,0.24260228626685246,0.23100000619888306,0.24260228626685246,,
target6_porosity_phif-4c815f1d41457c84a27d,15/9-F-11 B,15/9-F-11,3714.9,0.22200000286102295,0.24010710171052346,0.22200000286102295,0.24010710171052346,,
target6_porosity_phif-914bae9565e122c9795a,15/9-F-11 B,15/9-F-11,3716.9,0.23800000548362732,0.24947140223210446,0.23800000548362732,0.24947140223210446,,
target6_porosity_phif-aedf4f341ac26154cf1c,15/9-F-11 B,15/9-F-11,3718.9,0.23600000143051147,0.24931068548854857,0.23600000143051147,0.24931068548854857,,
target6_porosity_phif-89bf217d75a10c27ee49,15/9-F-11 B,15/9-F-11,3720.9,0.22699999809265137,0.24453552561845965,0.22699999809265137,0.24453552561845965,,
target6_porosity_phif-99708bfe4a8637818d47,15/9-F-11 B,15/9-F-11,3722.9,0.22499999403953552,0.2384347505694017,0.22499999403953552,0.2384347505694017,,
target6_porosity_phif-ba021ceec0792d5f5797,15/9-F-11 B,15/9-F-11,3724.9,0.22699999809265137,0.23673374234387148,0.22699999809265137,0.23673374234387148,,
target6_porosity_phif-3bd7ee8ff0d951b276dc,15/9-F-11 B,15/9-F-11,3726.9,0.23800000548362732,0.24389133675386032,0.23800000548362732,0.24389133675386032,,
target6_porosity_phif-e1a9215229de6bb3cd7c,15/9-F-11 B,15/9-F-11,3728.9,0.23399999737739563,0.2432279611118071,0.23399999737739563,0.2432279611118071,,
target6_porosity_phif-09c74388ecef23050270,15/9-F-11 B,15/9-F-11,3730.9,0.2290000021457672,0.24127572980143763,0.2290000021457672,0.24127572980143763,,
target6_porosity_phif-be54d89911ad50269e66,15/9-F-11 B,15/9-F-11,3732.9,0.2280000001192093,0.23634776753190542,0.2280000001192093,0.23634776753190542,,
target6_porosity_phif-a316efabdcf4a0f61ba6,15/9-F-11 B,15/9-F-11,3734.9,0.23000000417232513,0.2383791167747785,0.23000000417232513,0.2383791167747785,,
target6_porosity_phif-39b54f4dcac9cb241ef1,15/9-F-11 B,15/9-F-11,3736.9,0.23100000619888306,0.23821779034379728,0.23100000619888306,0.23821779034379728,,
target6_porosity_phif-51170c39ede0eae7d214,15/9-F-11 B,15/9-F-11,3738.9,0.23000000417232513,0.2346125244493661,0.23000000417232513,0.2346125244493661,,
target6_porosity_phif-3ec7678f1c3890210f4c,15/9-F-11 B,15/9-F-11,3740.9,0.23000000417232513,0.23367731670902003,0.23000000417232513,0.23367731670902003,,
target6_porosity_phif-9853a376beb3af256769,15/9-F-11 B,15/9-F-11,3742.9,0.2290000021457672,0.2337764125691055,0.2290000021457672,0.2337764125691055,,
target6_porosity_phif-7b04434005a54a0bc8cf,15/9-F-11 B,15/9-F-11,3744.9,0.2329999953508377,0.23361663482316206,0.2329999953508377,0.23361663482316206,,
target6_porosity_phif-867e6bda5c4b1c13977b,15/9-F-11 B,15/9-F-11,3746.9,0.23499999940395355,0.236573814726968,0.23499999940395355,0.236573814726968,,
target6_porosity_phif-21933f2dc1bac5fcd1c2,15/9-F-11 B,15/9-F-11,3748.9,0.2280000001192093,0.23381453690209147,0.2280000001192093,0.23381453690209147,,
target6_porosity_phif-658c2e8087444178eee3,15/9-F-11 B,15/9-F-11,3750.9,0.23199999332427979,0.23575370394055917,0.23199999332427979,0.23575370394055917,,
target6_porosity_phif-4e6cc911361c072f7085,15/9-F-11 B,15/9-F-11,3752.9,0.2290000021457672,0.23767714552781155,0.2290000021457672,0.23767714552781155,,
target6_porosity_phif-6f242431544228b9eaee,15/9-F-11 B,15/9-F-11,3754.9,0.2370000034570694,0.23972068495655824,0.2370000034570694,0.23972068495655824,,
target6_porosity_phif-8ec14f1437a429411038,15/9-F-11 B,15/9-F-11,3756.9,0.23100000619888306,0.2332221376152416,0.23100000619888306,0.2332221376152416,,
target6_porosity_phif-444f33092aaf80d77531,15/9-F-11 B,15/9-F-11,3758.9,0.22499999403953552,0.2295123566759381,0.22499999403953552,0.2295123566759381,,
target6_porosity_phif-31e34899898f54f9201c,15/9-F-11 B,15/9-F-11,3760.9,0.23100000619888306,0.23061130037219701,0.23100000619888306,0.23061130037219701,,
target6_porosity_phif-79bc7d09fc9a7ca15b81,15/9-F-11 B,15/9-F-11,3762.9,0.23000000417232513,0.22994026920076407,0.23000000417232513,0.22994026920076407,,
target6_porosity_phif-89134d9ed235c9e728a2,15/9-F-11 B,15/9-F-11,3764.9,0.23199999332427979,0.23028448319195285,0.23199999332427979,0.23028448319195285,,
target6_porosity_phif-bc681c34977cea7e7bd3,15/9-F-11 B,15/9-F-11,3766.9,0.2290000021457672,0.23244923704550113,0.2290000021457672,0.23244923704550113,,
target6_porosity_phif-059a91931b2075a4720d,15/9-F-11 B,15/9-F-11,3768.9,0.24300000071525574,0.24144896035409383,0.24300000071525574,0.24144896035409383,,
target6_porosity_phif-fd1686c01dcea995ccc4,15/9-F-11 B,15/9-F-11,3770.9,0.23100000619888306,0.2361451909141829,0.23100000619888306,0.2361451909141829,,
target6_porosity_phif-68a3bf9e227186e1f357,15/9-F-11 B,15/9-F-11,3772.9,0.23499999940395355,0.23860727435054319,0.23499999940395355,0.23860727435054319,,
target6_porosity_phif-9c55c31fb0cca345fcb4,15/9-F-11 B,15/9-F-11,3774.9,0.2370000034570694,0.24006769674723175,0.2370000034570694,0.24006769674723175,,
target6_porosity_phif-4be88afd62c0e454af6a,15/9-F-11 B,15/9-F-11,3776.9,0.23600000143051147,0.23453352452941933,0.23600000143051147,0.23453352452941933,,
target6_porosity_phif-2c64e95950251452fecc,15/9-F-11 B,15/9-F-11,3778.9,0.23899999260902405,0.23713163318617722,0.23899999260902405,0.23713163318617722,,
target6_porosity_phif-3b2c434d364559e8ea76,15/9-F-11 B,15/9-F-11,3780.9,0.23600000143051147,0.23267718538798043,0.23600000143051147,0.23267718538798043,,
target6_porosity_phif-3be8b81c7e9539e46b88,15/9-F-11 B,15/9-F-11,3782.9,0.23100000619888306,0.23219254806082476,0.23100000619888306,0.23219254806082476,,
target6_porosity_phif-74dc0eebe254624a3674,15/9-F-11 B,15/9-F-11,3784.9,0.23999999463558197,0.2370865489799054,0.23999999463558197,0.2370865489799054,,
target6_porosity_phif-5c785d75863c60214079,15/9-F-11 B,15/9-F-11,3786.9,0.2370000034570694,0.2445950815427981,0.2370000034570694,0.2445950815427981,,
target6_porosity_phif-3b9d90e65016fe23640d,15/9-F-11 B,15/9-F-11,3788.9,0.24500000476837158,0.24462818394663605,0.24500000476837158,0.24462818394663605,,
target6_porosity_phif-d294bd58e858d4150465,15/9-F-11 B,15/9-F-11,3790.9,0.2290000021457672,0.22438760072055658,0.2290000021457672,0.22438760072055658,,
target6_porosity_phif-cba63a8df4efb8080499,15/9-F-11 B,15/9-F-11,3792.9,0.2370000034570694,0.22625245385875314,0.2370000034570694,0.22625245385875314,,
target6_porosity_phif-7c72d83ec487700e84ad,15/9-F-11 B,15/9-F-11,3794.9,0.23399999737739563,0.22771476295304977,0.23399999737739563,0.22771476295304977,,
target6_porosity_phif-be5a887de862ff9fb4e5,15/9-F-11 B,15/9-F-11,3796.9,0.23800000548362732,0.22900858750382708,0.23800000548362732,0.22900858750382708,,
target6_porosity_phif-b6c58a72529ed4b966c1,15/9-F-11 B,15/9-F-11,3798.9,0.2329999953508377,0.2244687357107738,0.2329999953508377,0.2244687357107738,,
target6_porosity_phif-21dcd9d7e51d874a120b,15/9-F-11 B,15/9-F-11,3800.9,0.2240000069141388,0.21997114617438873,0.2240000069141388,0.21997114617438873,,
target6_porosity_phif-ee1b531f1d52785cc426,15/9-F-11 B,15/9-F-11,3802.9,0.23100000619888306,0.220895943187003,0.23100000619888306,0.220895943187003,,
target6_porosity_phif-17a018084835395c3419,15/9-F-11 B,15/9-F-11,3804.9,0.23100000619888306,0.22261860799390526,0.23100000619888306,0.22261860799390526,,
target6_porosity_phif-717ad2d3d619228d6dcb,15/9-F-11 B,15/9-F-11,3806.9,0.23000000417232513,0.2192192446733014,0.23000000417232513,0.2192192446733014,,
target6_porosity_phif-10ef09dcf51ee01b1e9a,15/9-F-11 B,15/9-F-11,3808.9,0.20999999344348907,0.09097302873525363,0.20999999344348907,0.09097302873525363,,
target6_porosity_phif-adef1199a6ffc7cd86c4,15/9-F-11 B,15/9-F-11,3810.9,0.019999999552965164,-0.006577782145809952,0.019999999552965164,0.0,,
target6_porosity_phif-05ef9c1887301c5d1cf9,15/9-F-11 B,15/9-F-11,3812.9,0.0820000022649765,0.06431598763640521,0.0820000022649765,0.06431598763640521,,
target6_porosity_phif-10a6e06a63db8a7bb77a,15/9-F-11 B,15/9-F-11,3814.9,0.019999999552965164,0.030605277919700524,0.019999999552965164,0.030605277919700524,,
target6_porosity_phif-1ed969527317e9adbb40,15/9-F-11 B,15/9-F-11,3816.9,0.019999999552965164,-0.01202891787352095,0.019999999552965164,0.0,,
target6_porosity_phif-d3bd346d7f063993a512,15/9-F-11 B,15/9-F-11,3818.9,0.019999999552965164,-0.013362903345932653,0.019999999552965164,0.0,,
target6_porosity_phif-20bc5336cf6fb9149129,15/9-F-11 B,15/9-F-11,3820.9,0.019999999552965164,-0.0143817746735454,0.019999999552965164,0.0,,
target6_porosity_phif-1174b78b795484d7c5db,15/9-F-11 B,15/9-F-11,3822.9,0.019999999552965164,0.006220491027748437,0.019999999552965164,0.006220491027748437,,
target6_porosity_phif-877f0cdeec0e26e775c8,15/9-F-11 B,15/9-F-11,3824.9,0.019999999552965164,0.023247689865912857,0.019999999552965164,0.023247689865912857,,
target6_porosity_phif-035eacecf169dd05b091,15/9-F-11 B,15/9-F-11,3826.9,0.019999999552965164,0.02178068617728407,0.019999999552965164,0.02178068617728407,,
target6_porosity_phif-cb0e60e57dd8706097c1,15/9-F-11 B,15/9-F-11,3828.9,0.019999999552965164,-0.0008268094857964703,0.019999999552965164,0.0,,
target6_porosity_phif-dd773bef777357121644,15/9-F-11 B,15/9-F-11,3830.9,0.019999999552965164,-0.011868613288506025,0.019999999552965164,0.0,,
target6_porosity_phif-32b57dd47a12811a670c,15/9-F-11 B,15/9-F-11,3832.9,0.019999999552965164,-0.0011909770962173771,0.019999999552965164,0.0,,
target6_porosity_phif-e34f25427695ec09312d,15/9-F-11 B,15/9-F-11,3834.9,0.019999999552965164,-0.02801735885982748,0.019999999552965164,0.0,,
target6_porosity_phif-46b1337edd2970c55cec,15/9-F-11 B,15/9-F-11,3836.9,0.019999999552965164,-0.027420314022253145,0.019999999552965164,0.0,,
target6_porosity_phif-1cfbad12fe4d9a5ab6fb,15/9-F-11 B,15/9-F-11,3838.9,0.019999999552965164,0.003294972405624541,0.019999999552965164,0.003294972405624541,,
target6_porosity_phif-b7b6ad2947fcbcf44988,15/9-F-11 B,15/9-F-11,3840.9,0.019999999552965164,0.006199949961475271,0.019999999552965164,0.006199949961475271,,
target6_porosity_phif-f955401442b985b1f44e,15/9-F-11 B,15/9-F-11,3842.9,0.027000000700354576,0.036733081126797795,0.027000000700354576,0.036733081126797795,,
target6_porosity_phif-ad26bd54d647e42e6065,15/9-F-11 B,15/9-F-11,3844.9,0.019999999552965164,0.04766622278463459,0.019999999552965164,0.04766622278463459,,
target6_porosity_phif-c9277b4f01bc6a879a35,15/9-F-11 B,15/9-F-11,3846.9,0.019999999552965164,0.028346118529074205,0.019999999552965164,0.028346118529074205,,
target6_porosity_phif-1b81cd94f8b2775f3904,15/9-F-11 B,15/9-F-11,3848.9,0.019999999552965164,-0.02368716546875191,0.019999999552965164,0.0,,
target6_porosity_phif-b18a402858ba17f9c6f6,15/9-F-11 B,15/9-F-11,3850.9,0.019999999552965164,-0.03547051106333632,0.019999999552965164,0.0,,
target6_porosity_phif-a1fb7b869a5d3aa87bee,15/9-F-11 B,15/9-F-11,3852.9,0.019999999552965164,0.015291637618630866,0.019999999552965164,0.015291637618630866,,
target6_porosity_phif-ab18b30a963b5ccc1cf1,15/9-F-11 B,15/9-F-11,3854.9,0.027000000700354576,0.05230078091563975,0.027000000700354576,0.05230078091563975,,
target6_porosity_phif-0022c9247f1d34270c9c,15/9-F-11 B,15/9-F-11,3856.9,0.04399999976158142,0.0546374479126719,0.04399999976158142,0.0546374479126719,,
target6_porosity_phif-792b55fb1f0bf28bd15c,15/9-F-11 B,15/9-F-11,3858.9,0.09399999678134918,0.070861155163721,0.09399999678134918,0.070861155163721,,
target6_porosity_phif-2f2932f360ee33f9a2be,15/9-F-11 B,15/9-F-11,3860.9,0.07900000363588333,0.0779322219382628,0.07900000363588333,0.0779322219382628,,
target6_porosity_phif-944c77681c523274dec1,15/9-F-11 B,15/9-F-11,3862.9,0.12700000405311584,0.08870445350834778,0.12700000405311584,0.08870445350834778,,
target6_porosity_phif-23ca1262aea1226826e7,15/9-F-11 B,15/9-F-11,3864.9,0.07999999821186066,0.09944209589432854,0.07999999821186066,0.09944209589432854,,
target6_porosity_phif-6bc35981247221911725,15/9-F-11 B,15/9-F-11,3866.9,0.13099999725818634,0.11628744039622468,0.13099999725818634,0.11628744039622468,,
target6_porosity_phif-08ad39a21819e2926d0d,15/9-F-11 B,15/9-F-11,3868.9,0.1340000033378601,0.09955952542208898,0.1340000033378601,0.09955952542208898,,
target6_porosity_phif-96ee8844a586b1f1ea8d,15/9-F-11 B,15/9-F-11,3870.9,0.05900000035762787,0.06975255592742592,0.05900000035762787,0.06975255592742592,,
target6_porosity_phif-4b29f427094694cb7983,15/9-F-11 B,15/9-F-11,3872.9,0.05299999937415123,0.07349489996243573,0.05299999937415123,0.07349489996243573,,
target6_porosity_phif-f31cc437f297eaee8464,15/9-F-11 B,15/9-F-11,3874.9,0.06800000369548798,0.0782041776156909,0.06800000369548798,0.0782041776156909,,
target6_porosity_phif-c6d0b90d7223a6814a24,15/9-F-11 B,15/9-F-11,3876.9,0.05999999865889549,0.06837180310925418,0.05999999865889549,0.06837180310925418,,
target6_porosity_phif-3790de46718fd53fbc4b,15/9-F-11 B,15/9-F-11,3878.9,0.028999999165534973,0.055598243532731725,0.028999999165534973,0.055598243532731725,,
target6_porosity_phif-dd46eb8d5c948a91ad7c,15/9-F-11 B,15/9-F-11,3880.9,0.032999999821186066,0.04473147088362911,0.032999999821186066,0.04473147088362911,,
target6_porosity_phif-0aac85b6ee98f392e217,15/9-F-11 B,15/9-F-11,3882.9,0.061000000685453415,0.052692369498898536,0.061000000685453415,0.052692369498898536,,
target6_porosity_phif-0b3115e93209fd7a13e7,15/9-F-11 B,15/9-F-11,3884.9,0.09799999743700027,0.08854150960262512,0.09799999743700027,0.08854150960262512,,
target6_porosity_phif-3a64e7047356757c7022,15/9-F-11 B,15/9-F-11,3886.9,0.10899999737739563,0.08786422245356655,0.10899999737739563,0.08786422245356655,,
target6_porosity_phif-30987ab33ecf9f933d93,15/9-F-11 B,15/9-F-11,3888.9,0.07000000029802322,0.06949564210850522,0.07000000029802322,0.06949564210850522,,
target6_porosity_phif-0d6439e1908c55c33c50,15/9-F-11 B,15/9-F-11,3890.9,0.04500000178813934,0.048411324232374126,0.04500000178813934,0.048411324232374126,,
target6_porosity_phif-54eabc8944e3afac6ef8,15/9-F-11 B,15/9-F-11,3892.9,0.019999999552965164,0.03799418584675612,0.019999999552965164,0.03799418584675612,,
target6_porosity_phif-ebd6de9f98971ceeb945,15/9-F-11 B,15/9-F-11,3894.9,0.0949999988079071,0.08075569429952405,0.0949999988079071,0.08075569429952405,,
target6_porosity_phif-4adb9531f24d1215df2a,15/9-F-11 B,15/9-F-11,3896.9,0.15199999511241913,0.12405735490176048,0.15199999511241913,0.12405735490176048,,
target6_porosity_phif-97571985de205bae3783,15/9-F-11 B,15/9-F-11,3898.9,0.16599999368190765,0.14722985394529314,0.16599999368190765,0.14722985394529314,,
target6_porosity_phif-8c3e71f6b72e880510ad,15/9-F-11 B,15/9-F-11,3900.9,0.20600000023841858,0.19389942604609625,0.20600000023841858,0.19389942604609625,,
target6_porosity_phif-5fde354f9852b3ef3d97,15/9-F-11 B,15/9-F-11,3902.9,0.21899999678134918,0.20604948038905743,0.21899999678134918,0.20604948038905743,,
target6_porosity_phif-da525d07e00591ceef6f,15/9-F-11 B,15/9-F-11,3904.9,0.20900000631809235,0.2013871030437587,0.20900000631809235,0.2013871030437587,,
target6_porosity_phif-2d2e777b0015d07383e6,15/9-F-11 B,15/9-F-11,3906.9,0.21699999272823334,0.21103761621365627,0.21699999272823334,0.21103761621365627,,
target6_porosity_phif-10551f7e6772d78c6e8e,15/9-F-11 B,15/9-F-11,3908.9,0.2199999988079071,0.2183585421694373,0.2199999988079071,0.2183585421694373,,
target6_porosity_phif-171c5977be3812666828,15/9-F-11 B,15/9-F-11,3910.9,0.2290000021457672,0.22764920512746975,0.2290000021457672,0.22764920512746975,,
target6_porosity_phif-ec0537a7fdb142785f8b,15/9-F-11 B,15/9-F-11,3912.9,0.23499999940395355,0.23112608884450817,0.23499999940395355,0.23112608884450817,,
target6_porosity_phif-fae2ae4cb393bcf2f36d,15/9-F-11 B,15/9-F-11,3914.9,0.23199999332427979,0.23185261297356705,0.23199999332427979,0.23185261297356705,,
target6_porosity_phif-43f30b664d48142eafce,15/9-F-11 B,15/9-F-11,3916.9,0.23899999260902405,0.237858691302419,0.23899999260902405,0.237858691302419,,
target6_porosity_phif-61c08f48c60abae5b286,15/9-F-11 B,15/9-F-11,3918.9,0.2290000021457672,0.23817537290573465,0.2290000021457672,0.23817537290573465,,
target6_porosity_phif-613e6669ceda60808ef0,15/9-F-11 B,15/9-F-11,3920.9,0.2280000001192093,0.2365393763397717,0.2280000001192093,0.2365393763397717,,
target6_porosity_phif-e02ebd78500963d3abb3,15/9-F-11 B,15/9-F-11,3922.9,0.24300000071525574,0.24304615902171176,0.24300000071525574,0.24304615902171176,,
target6_porosity_phif-5d2f63fb3f2b14342a40,15/9-F-11 B,15/9-F-11,3924.9,0.23800000548362732,0.24274368676422858,0.23800000548362732,0.24274368676422858,,
target6_porosity_phif-3f4feca8d31a21727ec9,15/9-F-11 B,15/9-F-11,3926.9,0.22599999606609344,0.23898706597307293,0.22599999606609344,0.23898706597307293,,
target6_porosity_phif-498a8ab18af98fba5008,15/9-F-11 B,15/9-F-11,3928.9,0.2370000034570694,0.24180578910058342,0.2370000034570694,0.24180578910058342,,
target6_porosity_phif-cdd40de8d1f74080eb34,15/9-F-11 B,15/9-F-11,3930.9,0.23600000143051147,0.2293913619941143,0.23600000143051147,0.2293913619941143,,
target6_porosity_phif-2f35884f40248bf95850,15/9-F-11 B,15/9-F-11,3932.9,0.23399999737739563,0.19835066702548482,0.23399999737739563,0.19835066702548482,,
target6_porosity_phif-841cd0b010eff04d56ff,15/9-F-11 B,15/9-F-11,3934.9,0.10499999672174454,0.12505162101799056,0.10499999672174454,0.12505162101799056,,
target6_porosity_phif-f38ca5ca83060dd4d4ba,15/9-F-11 B,15/9-F-11,3936.9,0.10499999672174454,0.1089658480486676,0.10499999672174454,0.1089658480486676,,
target6_porosity_phif-99faf90d62587433bd78,15/9-F-11 B,15/9-F-11,3938.9,0.17800000309944153,0.14321273443652055,0.17800000309944153,0.14321273443652055,,
target6_porosity_phif-ff69df6f33f30ec04c2b,15/9-F-11 B,15/9-F-11,3940.9,0.1509999930858612,0.13228190107698812,0.1509999930858612,0.13228190107698812,,
target6_porosity_phif-d943e6e980fb97d9e7dd,15/9-F-11 B,15/9-F-11,3942.9,0.11299999803304672,0.09660958751671272,0.11299999803304672,0.09660958751671272,,
target6_porosity_phif-5768e6c12eff249d6dd0,15/9-F-11 B,15/9-F-11,3944.9,0.07199999690055847,0.08597102756701125,0.07199999690055847,0.08597102756701125,,
target6_porosity_phif-31326fade9b3f52d51c3,15/9-F-11 B,15/9-F-11,3946.9,0.04500000178813934,0.06567572913220902,0.04500000178813934,0.06567572913220902,,
target6_porosity_phif-741d118a68700a83aff7,15/9-F-11 B,15/9-F-11,3948.9,0.03999999910593033,0.06613863330896556,0.03999999910593033,0.06613863330896556,,
target6_porosity_phif-d6ed14e8e42a7743ab0a,15/9-F-11 B,15/9-F-11,3950.9,0.02199999988079071,0.09853934951298182,0.02199999988079071,0.09853934951298182,,
target6_porosity_phif-7febcbe2551105ed97ad,15/9-F-11 B,15/9-F-11,3952.9,0.23000000417232513,0.19931834385540664,0.23000000417232513,0.19931834385540664,,
target6_porosity_phif-9f7156b9fbfd95485421,15/9-F-11 B,15/9-F-11,3954.9,0.2280000001192093,0.22601622108788097,0.2280000001192093,0.22601622108788097,,
target6_porosity_phif-cc41db12e8a01696525f,15/9-F-11 B,15/9-F-11,3956.9,0.2240000069141388,0.22905515458903175,0.2240000069141388,0.22905515458903175,,
target6_porosity_phif-19835378b3eb808027d4,15/9-F-11 B,15/9-F-11,3958.9,0.2199999988079071,0.22546249902568083,0.2199999988079071,0.22546249902568083,,
target6_porosity_phif-621efe812c40b8dc1ba3,15/9-F-11 B,15/9-F-11,3960.9,0.22499999403953552,0.22799321043132814,0.22499999403953552,0.22799321043132814,,
target6_porosity_phif-ef1d4e8f5dd88a6507e1,15/9-F-11 B,15/9-F-11,3962.9,0.23100000619888306,0.23314868886104015,0.23100000619888306,0.23314868886104015,,
target6_porosity_phif-bcb4f1ac91b629fb95d4,15/9-F-11 B,15/9-F-11,3964.9,0.22599999606609344,0.23130277027454954,0.22599999606609344,0.23130277027454954,,
target6_porosity_phif-760c04dd18d7b624fef6,15/9-F-11 B,15/9-F-11,3966.9,0.2329999953508377,0.22823833933264148,0.2329999953508377,0.22823833933264148,,
target6_porosity_phif-d284699fc20ddb9fff8a,15/9-F-11 B,15/9-F-11,3968.9,0.2280000001192093,0.22970768287667948,0.2280000001192093,0.22970768287667948,,
target6_porosity_phif-b73a1632b0e89c3da5d1,15/9-F-11 B,15/9-F-11,3970.9,0.22499999403953552,0.22595480951622668,0.22499999403953552,0.22595480951622668,,
target6_porosity_phif-69f6a238ece0e3a27f28,15/9-F-11 B,15/9-F-11,3972.9,0.2150000035762787,0.21771234911362194,0.2150000035762787,0.21771234911362194,,
target6_porosity_phif-ccb320c24ddcdd281735,15/9-F-11 B,15/9-F-11,3974.9,0.2160000056028366,0.2183445841766639,0.2160000056028366,0.2183445841766639,,
target6_porosity_phif-827e835eac1a0aaf3538,15/9-F-11 B,15/9-F-11,3976.9,0.22300000488758087,0.2129593019712615,0.22300000488758087,0.2129593019712615,,
target6_porosity_phif-7e50ef12211de9708950,15/9-F-11 B,15/9-F-11,3978.9,0.15399999916553497,0.15527036872071276,0.15399999916553497,0.15527036872071276,,
target6_porosity_phif-6642dfca9db7cb1fcc98,15/9-F-11 B,15/9-F-11,3980.9,0.12300000339746475,0.12454655750876148,0.12300000339746475,0.12454655750876148,,
target6_porosity_phif-0a012d90ec215e620fe3,15/9-F-11 B,15/9-F-11,3982.9,0.15700000524520874,0.14529614781756509,0.15700000524520874,0.14529614781756509,,
target6_porosity_phif-28ff4459f123b2109aa3,15/9-F-11 B,15/9-F-11,3984.9,0.1599999964237213,0.1481786526195954,0.1599999964237213,0.1481786526195954,,
target6_porosity_phif-2cb7ac724a46d832d40b,15/9-F-11 B,15/9-F-11,3986.9,0.16599999368190765,0.1605218533504298,0.16599999368190765,0.1605218533504298,,
target6_porosity_phif-eb705ab8250f9b8b6eb4,15/9-F-11 B,15/9-F-11,3988.9,0.18199999630451202,0.16880395020399097,0.18199999630451202,0.16880395020399097,,
target6_porosity_phif-8b637c2668a639d01d5d,15/9-F-11 B,15/9-F-11,3990.9,0.19300000369548798,0.19022718169489927,0.19300000369548798,0.19022718169489927,,
target6_porosity_phif-7b053300200756bd92c4,15/9-F-11 B,15/9-F-11,3992.9,0.23800000548362732,0.22183229167247848,0.23800000548362732,0.22183229167247848,,
target6_porosity_phif-bb1a85ab98db668a1aa1,15/9-F-11 B,15/9-F-11,3994.9,0.22100000083446503,0.2271656436444225,0.22100000083446503,0.2271656436444225,,
target6_porosity_phif-08eae4b31c5b32ae3397,15/9-F-11 B,15/9-F-11,3996.9,0.25999999046325684,0.25496498827825975,0.25999999046325684,0.25496498827825975,,
target6_porosity_phif-4d1ff1d37f6d5bf96268,15/9-F-11 B,15/9-F-11,3998.9,0.25999999046325684,0.25415353483389236,0.25999999046325684,0.25415353483389236,,
target6_porosity_phif-8a0a2718cad36eea75e4,15/9-F-11 B,15/9-F-11,4000.9,0.2160000056028366,0.22161065048599202,0.2160000056028366,0.22161065048599202,,
target6_porosity_phif-61ddf4600c6e37b95b8c,15/9-F-11 B,15/9-F-11,4002.9,0.257999986410141,0.24584056472734356,0.257999986410141,0.24584056472734356,,
target6_porosity_phif-f2df321742fbcc2aa6bc,15/9-F-11 B,15/9-F-11,4004.9,0.22699999809265137,0.1934906380189478,0.22699999809265137,0.1934906380189478,,
target6_porosity_phif-ee0a6325232ec99e1bc6,15/9-F-11 B,15/9-F-11,4006.9,0.03700000047683716,0.10320762249069916,0.03700000047683716,0.10320762249069916,,
target6_porosity_phif-54d0041a6db746d270b8,15/9-F-11 B,15/9-F-11,4008.9,0.14300000667572021,0.099423129536025,0.14300000667572021,0.099423129536025,,
target6_porosity_phif-e7667545c78317fa4696,15/9-F-11 B,15/9-F-11,4010.9,0.1550000011920929,0.12303057379750149,0.1550000011920929,0.12303057379750149,,
target6_porosity_phif-c7958fde4df5b1ca55e6,15/9-F-11 B,15/9-F-11,4012.9,0.15600000321865082,0.1388122092552909,0.15600000321865082,0.1388122092552909,,
target6_porosity_phif-16711e012d1bf2c9ec76,15/9-F-11 B,15/9-F-11,4014.9,0.13300000131130219,0.12909530544939624,0.13300000131130219,0.12909530544939624,,
target6_porosity_phif-dd76476f14c92d073020,15/9-F-11 B,15/9-F-11,4016.9,0.15399999916553497,0.13671001786271242,0.15399999916553497,0.13671001786271242,,
target6_porosity_phif-d7621cb9323230876bcb,15/9-F-11 B,15/9-F-11,4018.9,0.1889999955892563,0.16754014442483456,0.1889999955892563,0.16754014442483456,,
target6_porosity_phif-6879c86f640df5a00331,15/9-F-11 B,15/9-F-11,4020.9,0.19300000369548798,0.19278066791570284,0.19300000369548798,0.19278066791570284,,
target6_porosity_phif-5d1eeafb9888d5cf89da,15/9-F-11 B,15/9-F-11,4022.9,0.23999999463558197,0.22572196715127635,0.23999999463558197,0.22572196715127635,,
target6_porosity_phif-9bfd27e235b1c0a136eb,15/9-F-11 B,15/9-F-11,4024.9,0.2529999911785126,0.23107057329202832,0.2529999911785126,0.23107057329202832,,
target6_porosity_phif-abe3f9f83e9222a448e3,15/9-F-11 B,15/9-F-11,4026.9,0.2160000056028366,0.1755325914944424,0.2160000056028366,0.1755325914944424,,
target6_porosity_phif-6670edf56d52c1e48324,15/9-F-11 B,15/9-F-11,4028.9,0.10100000351667404,0.14556491156012066,0.10100000351667404,0.14556491156012066,,
target6_porosity_phif-387364be29e8d5f18474,15/9-F-11 B,15/9-F-11,4030.9,0.23999999463558197,0.2073226897147486,0.23999999463558197,0.2073226897147486,,
target6_porosity_phif-9262e3aa46e5f73cbc61,15/9-F-11 B,15/9-F-11,4032.9,0.23499999940395355,0.23992140452859306,0.23499999940395355,0.23992140452859306,,
target6_porosity_phif-de9f2548d64f770bf628,15/9-F-11 B,15/9-F-11,4034.9,0.26499998569488525,0.2567117101624108,0.26499998569488525,0.2567117101624108,,
target6_porosity_phif-02b3ba5a232933df069d,15/9-F-11 B,15/9-F-11,4036.9,0.2709999978542328,0.2666691473024287,0.2709999978542328,0.2666691473024287,,
target6_porosity_phif-03c86cc95e948c71ce7b,15/9-F-11 B,15/9-F-11,4038.9,0.2750000059604645,0.271134796233363,0.2750000059604645,0.271134796233363,,
target6_porosity_phif-0aede2cc436777a4d1e5,15/9-F-11 B,15/9-F-11,4040.9,0.26899999380111694,0.235001462933905,0.26899999380111694,0.235001462933905,,
target6_porosity_phif-a27a684eefc64162a85f,15/9-F-11 B,15/9-F-11,4042.9,0.11800000071525574,0.16545992963977912,0.11800000071525574,0.16545992963977912,,
target6_porosity_phif-37800065ce85c1332a1b,15/9-F-11 B,15/9-F-11,4044.9,0.22300000488758087,0.18173284040602342,0.22300000488758087,0.18173284040602342,,
target6_porosity_phif-87801c6edf3c3a8d2e97,15/9-F-11 B,15/9-F-11,4046.9,0.23100000619888306,0.2175520252455127,0.23100000619888306,0.2175520252455127,,
target6_porosity_phif-648fd5a434003f7ba974,15/9-F-11 B,15/9-F-11,4048.9,0.23499999940395355,0.208732941809736,0.23499999940395355,0.208732941809736,,
target6_porosity_phif-b89d7f1621ce1bd2bb9f,15/9-F-11 B,15/9-F-11,4050.9,0.2070000022649765,0.1754238891794056,0.2070000022649765,0.1754238891794056,,
target6_porosity_phif-a8149991023d9b7d4093,15/9-F-11 B,15/9-F-11,4052.9,0.2329999953508377,0.1847298223656706,0.2329999953508377,0.1847298223656706,,
target6_porosity_phif-95af9994a29fec37a278,15/9-F-11 B,15/9-F-11,4054.9,0.2409999966621399,0.22263942151263594,0.2409999966621399,0.22263942151263594,,
target6_porosity_phif-300279c991f6eac74f30,15/9-F-11 B,15/9-F-11,4056.9,0.23000000417232513,0.17814095547636657,0.23000000417232513,0.17814095547636657,,
target6_porosity_phif-fad31b39c0373b5e130b,15/9-F-11 B,15/9-F-11,4058.9,0.1509999930858612,0.14491993857172614,0.1509999930858612,0.14491993857172614,,
target6_porosity_phif-d73a85b6f2eb60805882,15/9-F-11 B,15/9-F-11,4060.9,0.0689999982714653,0.07847658664059914,0.0689999982714653,0.07847658664059914,,
target6_porosity_phif-3067987c3d997d2b87ac,15/9-F-11 B,15/9-F-11,4062.9,0.07800000160932541,0.10233524267170938,0.07800000160932541,0.10233524267170938,,
target6_porosity_phif-a02adb63de4fea3db6b0,15/9-F-11 B,15/9-F-11,4064.9,0.19499999284744263,0.191179048991754,0.19499999284744263,0.191179048991754,,
target6_porosity_phif-36f52cd4de54266edff8,15/9-F-11 B,15/9-F-11,4066.9,0.24500000476837158,0.2255897522475515,0.24500000476837158,0.2255897522475515,,
target6_porosity_phif-06d696a864763bb26ba9,15/9-F-11 B,15/9-F-11,4068.9,0.25699999928474426,0.24992651497899668,0.25699999928474426,0.24992651497899668,,
target6_porosity_phif-77c847ea84d3a70f1c1c,15/9-F-11 B,15/9-F-11,4070.9,0.25699999928474426,0.25500515604362123,0.25699999928474426,0.25500515604362123,,
target6_porosity_phif-6280624de7f6b40fc7b2,15/9-F-11 B,15/9-F-11,4072.9,0.25999999046325684,0.2551704976139574,0.25999999046325684,0.2551704976139574,,
target6_porosity_phif-0ede668fd6af1b40b6cc,15/9-F-11 B,15/9-F-11,4074.9,0.25699999928474426,0.24299598103833597,0.25699999928474426,0.24299598103833597,,
target6_porosity_phif-492fdc803a43271fa580,15/9-F-11 B,15/9-F-11,4076.9,0.1379999965429306,0.16365184345477277,0.1379999965429306,0.16365184345477277,,
target6_porosity_phif-3c193c48cfa0bde2ffa8,15/9-F-11 B,15/9-F-11,4078.9,0.12600000202655792,0.12614068033552156,0.12600000202655792,0.12614068033552156,,
target6_porosity_phif-f37f5015218bb2035702,15/9-F-11 B,15/9-F-11,4080.9,0.12099999934434891,0.11253279613452305,0.12099999934434891,0.11253279613452305,,
target6_porosity_phif-43af190fdfac72f667b2,15/9-F-11 B,15/9-F-11,4082.9,0.10899999737739563,0.09304585370186715,0.10899999737739563,0.09304585370186715,,
target6_porosity_phif-846d8178140deb523730,15/9-F-11 B,15/9-F-11,4084.9,0.11100000143051147,0.11256310171704902,0.11100000143051147,0.11256310171704902,,
target6_porosity_phif-dbfc4266ecbc874f6420,15/9-F-11 B,15/9-F-11,4086.9,0.09200000017881393,0.11250483299868608,0.09200000017881393,0.11250483299868608,,
target6_porosity_phif-f7612e369950ef793dea,15/9-F-11 B,15/9-F-11,4088.9,0.19099999964237213,0.1716318960005024,0.19099999964237213,0.1716318960005024,,
target6_porosity_phif-0b0bcec4ca34ad82055c,15/9-F-11 B,15/9-F-11,4090.9,0.23999999463558197,0.2406115369557367,0.23999999463558197,0.2406115369557367,,
target6_porosity_phif-0a28529759d56162e55a,15/9-F-11 B,15/9-F-11,4092.9,0.18700000643730164,0.16953556850508994,0.18700000643730164,0.16953556850508994,,
target6_porosity_phif-a97c842f132db7e7ecc9,15/9-F-11 B,15/9-F-11,4094.9,0.1979999989271164,0.15341961878793442,0.1979999989271164,0.15341961878793442,,
target6_porosity_phif-67c9288cb798d999e6d8,15/9-F-11 B,15/9-F-11,4096.9,0.13500000536441803,0.1347748391011856,0.13500000536441803,0.1347748391011856,,
target6_porosity_phif-36640df4c0edea5ce102,15/9-F-11 B,15/9-F-11,4098.9,0.09099999815225601,0.1072403765589396,0.09099999815225601,0.1072403765589396,,
target6_porosity_phif-fce38da9a9ed53dbf48d,15/9-F-11 B,15/9-F-11,4100.9,0.11999999731779099,0.11847782606936948,0.11999999731779099,0.11847782606936948,,
target6_porosity_phif-b9099897aa939be3d58c,15/9-F-11 B,15/9-F-11,4102.9,0.14399999380111694,0.11402775764059878,0.14399999380111694,0.11402775764059878,,
target6_porosity_phif-f54ee3e0c48d053ab26c,15/9-F-11 B,15/9-F-11,4104.9,0.03999999910593033,0.07789731821179215,0.03999999910593033,0.07789731821179215,,
target6_porosity_phif-e75d8b1fb2c03c30f29e,15/9-F-11 B,15/9-F-11,4106.9,0.03700000047683716,0.07837823043780263,0.03700000047683716,0.07837823043780263,,
target6_porosity_phif-5631bd3f6d509d78bca1,15/9-F-11 B,15/9-F-11,4108.9,0.14800000190734863,0.14057739549339668,0.14800000190734863,0.14057739549339668,,
target6_porosity_phif-a7326c0ab714cbc76433,15/9-F-11 B,15/9-F-11,4110.9,0.23399999737739563,0.22794519998183313,0.23399999737739563,0.22794519998183313,,
target6_porosity_phif-6a6c1386556877363fc7,15/9-F-11 B,15/9-F-11,4112.9,0.2160000056028366,0.2137500943716281,0.2160000056028366,0.2137500943716281,,
target6_porosity_phif-5b40db6bf5e0bfd41714,15/9-F-11 B,15/9-F-11,4114.9,0.19499999284744263,0.1953950626664976,0.19499999284744263,0.1953950626664976,,
target6_porosity_phif-30dee5df1665f7b6a907,15/9-F-11 B,15/9-F-11,4116.9,0.2160000056028366,0.19842222346002492,0.2160000056028366,0.19842222346002492,,
target6_porosity_phif-a67577de791fb9533c81,15/9-F-11 B,15/9-F-11,4118.9,0.21299999952316284,0.20763546728669818,0.21299999952316284,0.20763546728669818,,
target6_porosity_phif-aa239f3e1785fbd08ea9,15/9-F-11 B,15/9-F-11,4120.9,0.22300000488758087,0.2137510526981186,0.22300000488758087,0.2137510526981186,,
target6_porosity_phif-8df5493f7b1a62cc8217,15/9-F-11 B,15/9-F-11,4122.9,0.17100000381469727,0.17837486845644066,0.17100000381469727,0.17837486845644066,,
target6_porosity_phif-a43faccb51802c57f147,15/9-F-11 B,15/9-F-11,4124.9,0.2160000056028366,0.1896775391311797,0.2160000056028366,0.1896775391311797,,
target6_porosity_phif-df75016f64b7d260ae2c,15/9-F-11 B,15/9-F-11,4126.9,0.22300000488758087,0.21518121572552706,0.22300000488758087,0.21518121572552706,,
target6_porosity_phif-838c57ce4441c2f21c5c,15/9-F-11 B,15/9-F-11,4128.9,0.19499999284744263,0.1913438010218561,0.19499999284744263,0.1913438010218561,,
target6_porosity_phif-fdf5933d8d9de7aeb2c5,15/9-F-11 B,15/9-F-11,4130.9,0.20900000631809235,0.1916142441789122,0.20900000631809235,0.1916142441789122,,
target6_porosity_phif-97b602b570e52b621f7f,15/9-F-11 B,15/9-F-11,4132.9,0.21799999475479126,0.21374113416880283,0.21799999475479126,0.21374113416880283,,
target6_porosity_phif-30a981bb646a08bd6514,15/9-F-11 B,15/9-F-11,4134.9,0.2199999988079071,0.21856078130553105,0.2199999988079071,0.21856078130553105,,
target6_porosity_phif-fd70bf5e6fb19fdb4016,15/9-F-11 B,15/9-F-11,4136.9,0.22100000083446503,0.21563056163675015,0.22100000083446503,0.21563056163675015,,
target6_porosity_phif-b2ae28b7b9b14016fe0f,15/9-F-11 B,15/9-F-11,4138.9,0.22100000083446503,0.21549291361832615,0.22100000083446503,0.21549291361832615,,
target6_porosity_phif-dab5ce3e46b3f98cd436,15/9-F-11 B,15/9-F-11,4140.9,0.22300000488758087,0.21433678811504978,0.22300000488758087,0.21433678811504978,,
target6_porosity_phif-8eb1096874bb6d12d589,15/9-F-11 B,15/9-F-11,4142.9,0.20900000631809235,0.19374643779151826,0.20900000631809235,0.19374643779151826,,
target6_porosity_phif-7da102259be6c9bb956c,15/9-F-11 B,15/9-F-11,4144.9,0.1720000058412552,0.16442182616307055,0.1720000058412552,0.16442182616307055,,
target6_porosity_phif-b43c8f69a65c36993540,15/9-F-11 B,15/9-F-11,4146.9,0.20100000500679016,0.182577764253512,0.20100000500679016,0.182577764253512,,
target6_porosity_phif-c9998b228fe6a133f012,15/9-F-11 B,15/9-F-11,4148.9,0.21299999952316284,0.20648311621458645,0.21299999952316284,0.20648311621458645,,
target6_porosity_phif-28298c044b50e69b721a,15/9-F-11 B,15/9-F-11,4150.9,0.22599999606609344,0.2113362477225217,0.22599999606609344,0.2113362477225217,,
target6_porosity_phif-bcdf1b5d0182cb87cbda,15/9-F-11 B,15/9-F-11,4152.9,0.20800000429153442,0.20686330556871646,0.20800000429153442,0.20686330556871646,,
target6_porosity_phif-0946ea0530f90d50c305,15/9-F-11 B,15/9-F-11,4154.9,0.20499999821186066,0.19925147848592933,0.20499999821186066,0.19925147848592933,,
target6_porosity_phif-fe45b4c9c571ee49f935,15/9-F-11 B,15/9-F-11,4156.9,0.20999999344348907,0.20406831195229444,0.20999999344348907,0.20406831195229444,,
target6_porosity_phif-63f168f409cafcbd5a30,15/9-F-11 B,15/9-F-11,4158.9,0.21299999952316284,0.21127633215347083,0.21299999952316284,0.21127633215347083,,
target6_porosity_phif-1db03c20713bcd4a6775,15/9-F-11 B,15/9-F-11,4160.9,0.20999999344348907,0.20565374633497857,0.20999999344348907,0.20565374633497857,,
target6_porosity_phif-4e6d6a2f732ac3d2335f,15/9-F-11 B,15/9-F-11,4162.9,0.20800000429153442,0.20263917445149282,0.20800000429153442,0.20263917445149282,,
target6_porosity_phif-b29491ccf5cf5b4cfc57,15/9-F-11 B,15/9-F-11,4164.9,0.21400000154972076,0.20538341494742687,0.21400000154972076,0.20538341494742687,,
target6_porosity_phif-83172746b630ed140855,15/9-F-11 B,15/9-F-11,4166.9,0.22599999606609344,0.21273799702379897,0.22599999606609344,0.21273799702379897,,
target6_porosity_phif-3059aa5fdccdb9e5b096,15/9-F-11 B,15/9-F-11,4168.9,0.21299999952316284,0.20703323713295912,0.21299999952316284,0.20703323713295912,,
target6_porosity_phif-e47f23b25047153faf0a,15/9-F-11 B,15/9-F-11,4170.9,0.20100000500679016,0.1926132198025205,0.20100000500679016,0.1926132198025205,,
target6_porosity_phif-ed19638a70683bfbc9f5,15/9-F-11 B,15/9-F-11,4172.9,0.2029999941587448,0.19707459115306855,0.2029999941587448,0.19707459115306855,,
target6_porosity_phif-27fabb6557582951fd17,15/9-F-11 B,15/9-F-11,4174.9,0.20800000429153442,0.20185444249882398,0.20800000429153442,0.20185444249882398,,
target6_porosity_phif-49d7fe9049e6bb47218d,15/9-F-11 B,15/9-F-11,4176.9,0.20900000631809235,0.2001934867663583,0.20900000631809235,0.2001934867663583,,
target6_porosity_phif-f9f9149cd83d3ee05287,15/9-F-11 B,15/9-F-11,4178.9,0.20999999344348907,0.20290324210392435,0.20999999344348907,0.20290324210392435,,
target6_porosity_phif-eec0ea22aca6836a950b,15/9-F-11 B,15/9-F-11,4180.9,0.22300000488758087,0.20529788618952116,0.22300000488758087,0.20529788618952116,,
target6_porosity_phif-c9f6ce9202d6a4bd8422,15/9-F-11 B,15/9-F-11,4182.9,0.21299999952316284,0.20216423758521013,0.21299999952316284,0.20216423758521013,,
target6_porosity_phif-274745e39b12bda096d4,15/9-F-11 B,15/9-F-11,4184.9,0.22499999403953552,0.21022653362870514,0.22499999403953552,0.21022653362870514,,
target6_porosity_phif-5259acf77d05086b7302,15/9-F-11 B,15/9-F-11,4186.9,0.1940000057220459,0.20428069107562472,0.1940000057220459,0.20428069107562472,,
target6_porosity_phif-316e71f75be6a5ec6aa7,15/9-F-11 B,15/9-F-11,4188.9,0.26600000262260437,0.2465224148168738,0.26600000262260437,0.2465224148168738,,
target6_porosity_phif-2a4a9235107d3ca81b91,15/9-F-11 B,15/9-F-11,4190.9,0.25999999046325684,0.25728904868571595,0.25999999046325684,0.25728904868571595,,
target6_porosity_phif-71a84a67a63e19253def,15/9-F-11 B,15/9-F-11,4192.9,0.2630000114440918,0.25836326756334327,0.2630000114440918,0.25836326756334327,,
target6_porosity_phif-b02f27d566d9dff6306d,15/9-F-11 B,15/9-F-11,4194.9,0.25600001215934753,0.25519806183967597,0.25600001215934753,0.25519806183967597,,
target6_porosity_phif-e09bfe6f86f867536ad0,15/9-F-11 B,15/9-F-11,4196.9,0.2680000066757202,0.2590471650780756,0.2680000066757202,0.2590471650780756,,
target6_porosity_phif-d37af3f61b700c75ecfa,15/9-F-11 B,15/9-F-11,4198.9,0.26899999380111694,0.2614602329833213,0.26899999380111694,0.2614602329833213,,
target6_porosity_phif-9a4e5f3a3e80c6fb803a,15/9-F-11 B,15/9-F-11,4200.9,0.26499998569488525,0.25954109659539065,0.26499998569488525,0.25954109659539065,,
target6_porosity_phif-14c8e08d7907fda9f8ca,15/9-F-11 B,15/9-F-11,4202.9,0.26499998569488525,0.25664652611630356,0.26499998569488525,0.25664652611630356,,
target6_porosity_phif-65ddc70ed0eb604d03e6,15/9-F-11 B,15/9-F-11,4204.9,0.25600001215934753,0.24410253111583502,0.25600001215934753,0.24410253111583502,,
target6_porosity_phif-368f91d52148097ba97d,15/9-F-11 B,15/9-F-11,4206.9,0.25600001215934753,0.24134755260534196,0.25600001215934753,0.24134755260534196,,
target6_porosity_phif-1763bd512b65ae48a41c,15/9-F-11 B,15/9-F-11,4208.9,0.24799999594688416,0.23499907123673694,0.24799999594688416,0.23499907123673694,,
target6_porosity_phif-487ea5bc7930958c113e,15/9-F-11 B,15/9-F-11,4210.9,0.24899999797344208,0.22860607426009266,0.24899999797344208,0.22860607426009266,,
target6_porosity_phif-3e53ab87ea985b7c4eb0,15/9-F-11 B,15/9-F-11,4212.9,0.25,0.23232319954571246,0.25,0.23232319954571246,,
target6_porosity_phif-61b30edb5bdedeb4bf16,15/9-F-11 B,15/9-F-11,4214.9,0.25200000405311584,0.2371077791668658,0.25200000405311584,0.2371077791668658,,
target6_porosity_phif-2a1414174cd182e001ab,15/9-F-11 B,15/9-F-11,4216.9,0.24899999797344208,0.237045698181157,0.24899999797344208,0.237045698181157,,
target6_porosity_phif-074dd52f645d755f8fda,15/9-F-11 B,15/9-F-11,4218.9,0.24400000274181366,0.23477320565653081,0.24400000274181366,0.23477320565653081,,
target6_porosity_phif-2841bc2165bb442d84f7,15/9-F-11 B,15/9-F-11,4220.9,0.24300000071525574,0.2169557750027461,0.24300000071525574,0.2169557750027461,,
target6_porosity_phif-49220d2ae64feacc9b1c,15/9-F-11 B,15/9-F-11,4222.9,0.14399999380111694,0.13137953566715005,0.14399999380111694,0.13137953566715005,,
target6_porosity_phif-4083c608c0cbed7c3b49,15/9-F-11 B,15/9-F-11,4224.9,0.13300000131130219,0.12785205887714673,0.13300000131130219,0.12785205887714673,,
target6_porosity_phif-125e03d5599bd56a9db5,15/9-F-11 B,15/9-F-11,4226.9,0.16699999570846558,0.1582010938029519,0.16699999570846558,0.1582010938029519,,
target6_porosity_phif-a97b6e7418713067a78a,15/9-F-11 B,15/9-F-11,4228.9,0.21699999272823334,0.21805310874779998,0.21699999272823334,0.21805310874779998,,
target6_porosity_phif-8df93330a7438c10232d,15/9-F-11 B,15/9-F-11,4230.9,0.2529999911785126,0.23672316833987836,0.2529999911785126,0.23672316833987836,,
target6_porosity_phif-d3ee96521b1a5f9fae96,15/9-F-11 B,15/9-F-11,4232.9,0.24799999594688416,0.23871693174408398,0.24799999594688416,0.23871693174408398,,
target6_porosity_phif-2d97f95ace1a6824d33a,15/9-F-11 B,15/9-F-11,4234.9,0.25099998712539673,0.24004093986311548,0.25099998712539673,0.24004093986311548,,
target6_porosity_phif-51730c74aa24bdb8f654,15/9-F-11 B,15/9-F-11,4236.9,0.23999999463558197,0.20915958644909743,0.23999999463558197,0.20915958644909743,,
target6_porosity_phif-7a76ce58261c97fbf5ee,15/9-F-11 B,15/9-F-11,4238.9,0.08399999886751175,0.13556819763229996,0.08399999886751175,0.13556819763229996,,
target6_porosity_phif-06f3de37c76f60ae6432,15/9-F-11 B,15/9-F-11,4240.9,0.06499999761581421,0.04727873133033658,0.06499999761581421,0.04727873133033658,,
target6_porosity_phif-3b1b1846a46a76e3c165,15/9-F-11 B,15/9-F-11,4242.9,0.028999999165534973,0.077271539328635,0.028999999165534973,0.077271539328635,,
target6_porosity_phif-4ec9e614e9c118ced60e,15/9-F-11 B,15/9-F-11,4244.9,0.2240000069141388,0.1755540126873109,0.2240000069141388,0.1755540126873109,,
target6_porosity_phif-5f8f5bb2ea520371e134,15/9-F-11 B,15/9-F-11,4246.9,0.23899999260902405,0.21207776251209778,0.23899999260902405,0.21207776251209778,,
target6_porosity_phif-693f812811864cad36ec,15/9-F-11 B,15/9-F-11,4248.9,0.22300000488758087,0.19865650302394505,0.22300000488758087,0.19865650302394505,,
target6_porosity_phif-d39ffc78a8d8bd12a7b9,15/9-F-11 B,15/9-F-11,4250.9,0.19099999964237213,0.16487227572302704,0.19099999964237213,0.16487227572302704,,
target6_porosity_phif-4c29d16afe48c274aa23,15/9-F-11 B,15/9-F-11,4252.9,0.1899999976158142,0.15990167797406668,0.1899999976158142,0.15990167797406668,,
target6_porosity_phif-9ed8dbdb2d6cb312b15e,15/9-F-11 B,15/9-F-11,4254.9,0.16899999976158142,0.12409816321106641,0.16899999976158142,0.12409816321106641,,
target6_porosity_phif-ed18402502604734e237,15/9-F-11 B,15/9-F-11,4256.9,0.029999999329447746,0.06886084579713793,0.029999999329447746,0.06886084579713793,,
target6_porosity_phif-86acdeb11cdd8b113164,15/9-F-11 B,15/9-F-11,4258.9,0.1599999964237213,0.107180524870036,0.1599999964237213,0.107180524870036,,
target6_porosity_phif-6d871aa188b77a45cf61,15/9-F-11 B,15/9-F-11,4260.9,0.14000000059604645,0.11518543112760221,0.14000000059604645,0.11518543112760221,,
target6_porosity_phif-93ee57164d30802eb118,15/9-F-11 B,15/9-F-11,4262.9,0.12200000137090683,0.12334440309398548,0.12200000137090683,0.12334440309398548,,
target6_porosity_phif-9a43633c90e5eb044927,15/9-F-11 B,15/9-F-11,4264.9,0.16500000655651093,0.1631200036108341,0.16500000655651093,0.1631200036108341,,
target6_porosity_phif-e0112979a36eb17bcfa7,15/9-F-11 B,15/9-F-11,4266.9,0.21799999475479126,0.19386722525520803,0.21799999475479126,0.19386722525520803,,
target6_porosity_phif-e059dbcc83c8990916ce,15/9-F-11 B,15/9-F-11,4268.9,0.21199999749660492,0.20756382130756418,0.21199999749660492,0.20756382130756418,,
target6_porosity_phif-2b630c31a5cc410dbd09,15/9-F-11 B,15/9-F-11,4270.9,0.24899999797344208,0.24381503633493792,0.24899999797344208,0.24381503633493792,,
target6_porosity_phif-0cfcffbe1461eb6f9497,15/9-F-11 B,15/9-F-11,4272.9,0.25999999046325684,0.2576293895737462,0.25999999046325684,0.2576293895737462,,
target6_porosity_phif-4e1d1e3a2811e0f9d6ed,15/9-F-11 B,15/9-F-11,4274.9,0.2529999911785126,0.24894772387313924,0.2529999911785126,0.24894772387313924,,
target6_porosity_phif-d561ac073c4d04d33184,15/9-F-11 B,15/9-F-11,4276.9,0.24799999594688416,0.23887457875792545,0.24799999594688416,0.23887457875792545,,
target6_porosity_phif-c14d1969ce583970e7b3,15/9-F-11 B,15/9-F-11,4278.9,0.2029999941587448,0.18678210213425928,0.2029999941587448,0.18678210213425928,,
target6_porosity_phif-30a1a1086570ed2125a9,15/9-F-11 B,15/9-F-11,4280.9,0.03099999949336052,0.048283917460771986,0.03099999949336052,0.048283917460771986,,
target6_porosity_phif-06976c5d28f209d00206,15/9-F-11 B,15/9-F-11,4282.9,0.023000000044703484,0.037060613995897024,0.023000000044703484,0.037060613995897024,,
target6_porosity_phif-033f622975c8d17e899a,15/9-F-11 B,15/9-F-11,4284.9,0.09099999815225601,0.090981813384564,0.09099999815225601,0.090981813384564,,
target6_porosity_phif-bd60586150595204d519,15/9-F-11 B,15/9-F-11,4286.9,0.20000000298023224,0.15142872754926426,0.20000000298023224,0.15142872754926426,,
target6_porosity_phif-1f5045a9ed0ff984a558,15/9-F-11 B,15/9-F-11,4288.9,0.23399999737739563,0.23447565623196642,0.23399999737739563,0.23447565623196642,,
target6_porosity_phif-8b9b28dce8a0a97bc2fd,15/9-F-11 B,15/9-F-11,4290.9,0.2160000056028366,0.20407561436287516,0.2160000056028366,0.20407561436287516,,
target6_porosity_phif-9a5e72c740d2d823ae97,15/9-F-11 B,15/9-F-11,4292.9,0.17100000381469727,0.14816844739259624,0.17100000381469727,0.14816844739259624,,
target6_porosity_phif-f60dbac8fd89bd6c1295,15/9-F-11 B,15/9-F-11,4294.9,0.05299999937415123,0.09701012433243913,0.05299999937415123,0.09701012433243913,,
target6_porosity_phif-dc5c8356b730c8869e95,15/9-F-11 B,15/9-F-11,4300.3,0.12099999934434891,0.12929012326555642,0.12099999934434891,0.12929012326555642,,
target6_porosity_phif-0c2422c33b15e1d31fae,15/9-F-11 B,15/9-F-11,4302.3,0.17100000381469727,0.14893885854486483,0.17100000381469727,0.14893885854486483,,
target6_porosity_phif-b11f71a35f6275c7bd68,15/9-F-11 B,15/9-F-11,4304.3,0.210999995470047,0.1901366349305938,0.210999995470047,0.1901366349305938,,
target6_porosity_phif-a79c6b3d673d0bfc97f6,15/9-F-11 B,15/9-F-11,4306.3,0.23999999463558197,0.22959696329345014,0.23999999463558197,0.22959696329345014,,
target6_porosity_phif-ccf328bc6f1112560866,15/9-F-11 B,15/9-F-11,4308.3,0.24400000274181366,0.22916845333604655,0.24400000274181366,0.22916845333604655,,
target6_porosity_phif-9aeee199352002f24f2a,15/9-F-11 T2,15/9-F-11,4400.6,0.11100000143051147,0.12770410659624232,0.11100000143051147,0.12770410659624232,,
target6_porosity_phif-3660e49e3493282500e3,15/9-F-11 T2,15/9-F-11,4402.6,0.125,0.12857873596244726,0.125,0.12857873596244726,,
target6_porosity_phif-cea95b2b2a0b6529eb27,15/9-F-11 T2,15/9-F-11,4404.6,0.11900000274181366,0.12729243925356992,0.11900000274181366,0.12729243925356992,,
target6_porosity_phif-e0a9d74f948ce66ffd0d,15/9-F-11 T2,15/9-F-11,4406.6,0.13300000131130219,0.157813669975032,0.13300000131130219,0.157813669975032,,
target6_porosity_phif-7460622fd0e81147ed94,15/9-F-11 T2,15/9-F-11,4408.6,0.19900000095367432,0.18564223676247907,0.19900000095367432,0.18564223676247907,,
target6_porosity_phif-2ad3dab279df339365af,15/9-F-11 T2,15/9-F-11,4410.6,0.20499999821186066,0.17860249771363337,0.20499999821186066,0.17860249771363337,,
target6_porosity_phif-4e7c37e8809bf221b9de,15/9-F-11 T2,15/9-F-11,4412.6,0.1550000011920929,0.1121924908530545,0.1550000011920929,0.1121924908530545,,
target6_porosity_phif-7ff7a8fce9c5cd740f87,15/9-F-11 T2,15/9-F-11,4414.6,0.02199999988079071,0.08346167899570901,0.02199999988079071,0.08346167899570901,,
target6_porosity_phif-4a132e9d4162ca197b42,15/9-F-11 T2,15/9-F-11,4416.6,0.1340000033378601,0.1006793541077208,0.1340000033378601,0.1006793541077208,,
target6_porosity_phif-fa5cfaad10704864a752,15/9-F-11 T2,15/9-F-11,4418.6,0.14800000190734863,0.11336772079431681,0.14800000190734863,0.11336772079431681,,
target6_porosity_phif-65fc2e3477289a3074ef,15/9-F-11 T2,15/9-F-11,4420.6,0.1589999943971634,0.12886501757972846,0.1589999943971634,0.12886501757972846,,
target6_porosity_phif-569a9c89be68dead9117,15/9-F-11 T2,15/9-F-11,4422.6,0.06599999964237213,0.11045024815813298,0.06599999964237213,0.11045024815813298,,
target6_porosity_phif-e8b1e92e0c395735ea94,15/9-F-11 T2,15/9-F-11,4424.6,0.14499999582767487,0.1405013851156018,0.14499999582767487,0.1405013851156018,,
target6_porosity_phif-dc172c64ec8ff93084a7,15/9-F-11 T2,15/9-F-11,4426.6,0.1509999930858612,0.14934739793893653,0.1509999930858612,0.14934739793893653,,
target6_porosity_phif-953573cddd614825f73d,15/9-F-11 T2,15/9-F-11,4428.6,0.13099999725818634,0.1300423799027438,0.13099999725818634,0.1300423799027438,,
target6_porosity_phif-169338f147c7529be6a4,15/9-F-11 T2,15/9-F-11,4430.6,0.08699999749660492,0.10847607941206044,0.08699999749660492,0.10847607941206044,,
target6_porosity_phif-d5d17de00e34ab08f76a,15/9-F-11 T2,15/9-F-11,4432.6,0.04899999871850014,0.09436914642754282,0.04899999871850014,0.09436914642754282,,
target6_porosity_phif-daa3f643e42666460b89,15/9-F-11 T2,15/9-F-11,4434.6,0.13699999451637268,0.13673896413403147,0.13699999451637268,0.13673896413403147,,
target6_porosity_phif-09995d4c38d396d17eb9,15/9-F-11 T2,15/9-F-11,4436.6,0.1809999942779541,0.18029384995437134,0.1809999942779541,0.18029384995437134,,
target6_porosity_phif-3b4c6ac42730fdadfb7f,15/9-F-11 T2,15/9-F-11,4438.6,0.1860000044107437,0.18473998764716815,0.1860000044107437,0.18473998764716815,,
target6_porosity_phif-212f1ead2f16aa2905d7,15/9-F-11 T2,15/9-F-11,4440.6,0.17299999296665192,0.1716025839709949,0.17299999296665192,0.1716025839709949,,
target6_porosity_phif-ee397685b4664f5a5d46,15/9-F-11 T2,15/9-F-11,4442.6,0.1550000011920929,0.15006067382272978,0.1550000011920929,0.15006067382272978,,
target6_porosity_phif-eb5a2a081c6a86e565e2,15/9-F-11 T2,15/9-F-11,4444.6,0.11599999666213989,0.1219466759590962,0.11599999666213989,0.1219466759590962,,
target6_porosity_phif-231a6ef52d40fb26df80,15/9-F-11 T2,15/9-F-11,4446.6,0.019999999552965164,0.01704703659968318,0.019999999552965164,0.01704703659968318,,
target6_porosity_phif-d480f51a66699cef6da7,15/9-F-11 T2,15/9-F-11,4448.6,0.019999999552965164,0.028914272168288957,0.019999999552965164,0.028914272168288957,,
target6_porosity_phif-348401f8acec50047385,15/9-F-11 T2,15/9-F-11,4450.6,0.1889999955892563,0.16483664742345366,0.1889999955892563,0.16483664742345366,,
target6_porosity_phif-10997cd0ed2224e28dff,15/9-F-11 T2,15/9-F-11,4452.6,0.19900000095367432,0.1592196037268829,0.19900000095367432,0.1592196037268829,,
target6_porosity_phif-9ed54ae52930ef855c42,15/9-F-11 T2,15/9-F-11,4454.6,0.07100000232458115,0.064341465866913,0.07100000232458115,0.064341465866913,,
target6_porosity_phif-d38399df05d041a5501a,15/9-F-11 T2,15/9-F-11,4456.6,0.019999999552965164,0.01262316548392231,0.019999999552965164,0.01262316548392231,,
target6_porosity_phif-14734278020858b82f01,15/9-F-11 T2,15/9-F-11,4458.6,0.019999999552965164,0.03132936026611258,0.019999999552965164,0.03132936026611258,,
target6_porosity_phif-b4eaf816e099905b477b,15/9-F-11 T2,15/9-F-11,4460.6,0.20999999344348907,0.12760863207920506,0.20999999344348907,0.12760863207920506,,
target6_porosity_phif-af1a6af65ee85a7c580f,15/9-F-11 T2,15/9-F-11,4462.6,0.019999999552965164,0.03938693827805159,0.019999999552965164,0.03938693827805159,,
target6_porosity_phif-e5dc78c3ce806f426b83,15/9-F-11 T2,15/9-F-11,4464.6,0.1899999976158142,0.13199204140254148,0.1899999976158142,0.13199204140254148,,
target6_porosity_phif-b8784d3a80ab7997c196,15/9-F-11 T2,15/9-F-11,4466.6,0.1860000044107437,0.1908198728175752,0.1860000044107437,0.1908198728175752,,
target6_porosity_phif-a6084cdbc75b0cb416c7,15/9-F-11 T2,15/9-F-11,4468.6,0.1979999989271164,0.18771449986365887,0.1979999989271164,0.18771449986365887,,
target6_porosity_phif-9ca9e4663d7390489a8e,15/9-F-11 T2,15/9-F-11,4470.6,0.19900000095367432,0.18619718141124605,0.19900000095367432,0.18619718141124605,,
target6_porosity_phif-45f95872b6dcf2aa5b87,15/9-F-11 T2,15/9-F-11,4472.6,0.18000000715255737,0.19036411131131115,0.18000000715255737,0.19036411131131115,,
target6_porosity_phif-6e9ea92c6bbab8a5ef58,15/9-F-11 T2,15/9-F-11,4474.6,0.20800000429153442,0.20321744364366662,0.20800000429153442,0.20321744364366662,,
target6_porosity_phif-dff037871bfb52572e64,15/9-F-11 T2,15/9-F-11,4476.6,0.1940000057220459,0.19161359072879236,0.1940000057220459,0.19161359072879236,,
target6_porosity_phif-0f5e6c592b2964efd936,15/9-F-11 T2,15/9-F-11,4478.6,0.19300000369548798,0.18027666082549423,0.19300000369548798,0.18027666082549423,,
target6_porosity_phif-0bdda1a21db688c6c141,15/9-F-11 T2,15/9-F-11,4480.6,0.19900000095367432,0.1785364405670503,0.19900000095367432,0.1785364405670503,,
target6_porosity_phif-d78f55fcde43fece499d,15/9-F-11 T2,15/9-F-11,4482.6,0.10300000011920929,0.15083845983419392,0.10300000011920929,0.15083845983419392,,
target6_porosity_phif-e77768f8e55dca4e93f5,15/9-F-11 T2,15/9-F-11,4484.6,0.1860000044107437,0.1526280771309592,0.1860000044107437,0.1526280771309592,,
target6_porosity_phif-bf9ddf1f713c783780ce,15/9-F-11 T2,15/9-F-11,4486.6,0.11999999731779099,0.15054297455719398,0.11999999731779099,0.15054297455719398,,
target6_porosity_phif-c29787c64a686c2a63f7,15/9-F-11 T2,15/9-F-11,4488.6,0.20600000023841858,0.1925236177569207,0.20600000023841858,0.1925236177569207,,
target6_porosity_phif-46753094bb36f8c25a8d,15/9-F-11 T2,15/9-F-11,4490.6,0.19900000095367432,0.20224883384012257,0.19900000095367432,0.20224883384012257,,
target6_porosity_phif-ae14bc87ab9f6c1199c3,15/9-F-11 T2,15/9-F-11,4492.6,0.2070000022649765,0.19950677784401363,0.2070000022649765,0.19950677784401363,,
target6_porosity_phif-2ca11aa200d01c212e58,15/9-F-11 T2,15/9-F-11,4494.6,0.17399999499320984,0.18391851957917882,0.17399999499320984,0.18391851957917882,,
target6_porosity_phif-4580c8609212390f5e81,15/9-F-11 T2,15/9-F-11,4496.6,0.18299999833106995,0.17200010723074421,0.18299999833106995,0.17200010723074421,,
target6_porosity_phif-85c6218ae4e76d6a36c5,15/9-F-11 T2,15/9-F-11,4498.6,0.03200000151991844,0.16934140998668956,0.03200000151991844,0.16934140998668956,,
target6_porosity_phif-dd4ae3947c4de3146a86,15/9-F-11 T2,15/9-F-11,4500.6,0.041999999433755875,0.06437420555170807,0.041999999433755875,0.06437420555170807,,
target6_porosity_phif-5f7af8c712cfd9e76cc4,15/9-F-11 T2,15/9-F-11,4502.6,0.07400000095367432,0.07647030324043785,0.07400000095367432,0.07647030324043785,,
target6_porosity_phif-aaf83767f2bfb617f18a,15/9-F-11 T2,15/9-F-11,4504.6,0.054999999701976776,0.051913421907169535,0.054999999701976776,0.051913421907169535,,
target6_porosity_phif-e538e61c19b51d4f63ac,15/9-F-11 T2,15/9-F-11,4506.6,0.0010000000474974513,0.09223598444730106,0.0010000000474974513,0.09223598444730106,,
target6_porosity_phif-4a7695b4dce4ffd03c3e,15/9-F-11 T2,15/9-F-11,4508.6,0.019999999552965164,0.05378028350528491,0.019999999552965164,0.05378028350528491,,
target6_porosity_phif-c4c568fa7f3082ad9fe8,15/9-F-11 T2,15/9-F-11,4510.6,0.027000000700354576,0.05074924644412837,0.027000000700354576,0.05074924644412837,,
target6_porosity_phif-5f8bbe018376780257ac,15/9-F-11 T2,15/9-F-11,4512.6,0.05700000002980232,0.06829633964763836,0.05700000002980232,0.06829633964763836,,
