sample_id,family_id,well_id,depth_m,truth_model_domain,prediction_model_domain,truth_physical,prediction_physical,interval_low_physical,interval_high_physical,interval_covered
stage4-known_holdout-5a2164d55a6c81bbecc1,15/9-F-15,15/9-F-15 D,3491.2,0.23839999735355377,0.25132477283477783,0.23839999735355377,0.25132477283477783,0.0,0.5256442526976266,True
stage4-known_holdout-bb4df33fa35715fe7377,15/9-F-15,15/9-F-15 D,3493.2,0.2321999967098236,0.2994069457054138,0.2321999967098236,0.2994069457054138,0.025087465842564993,0.5737264255682626,True
stage4-known_holdout-7af29cbdd0bdd958572f,15/9-F-15,15/9-F-15 D,3495.2,0.241799995303154,0.28592371940612793,0.241799995303154,0.28592371940612793,0.011604239543279105,0.5602431992689767,True
stage4-known_holdout-16d0a2421010ee977522,15/9-F-15,15/9-F-15 D,3497.2,0.2662000060081482,0.31052133440971375,0.2662000060081482,0.31052133440971375,0.03620185454686492,0.5848408142725625,True
stage4-known_holdout-b56932d3f233616b01f5,15/9-F-15,15/9-F-15 D,3499.2,0.2492000013589859,0.29803356528282166,0.2492000013589859,0.29803356528282166,0.02371408541997283,0.5723530451456704,True
stage4-known_holdout-20e483dc9864472cac45,15/9-F-15,15/9-F-15 D,3501.2,0.28839999437332153,0.2994069457054138,0.28839999437332153,0.2994069457054138,0.025087465842564993,0.5737264255682626,True
stage4-known_holdout-63723f718d2231f614b3,15/9-F-15,15/9-F-15 D,3503.2,0.26190000772476196,0.2994069457054138,0.26190000772476196,0.2994069457054138,0.025087465842564993,0.5737264255682626,True
stage4-known_holdout-2499f84698e044430e6c,15/9-F-15,15/9-F-15 D,3505.2,0.2353000044822693,0.29640376567840576,0.2353000044822693,0.29640376567840576,0.022084285815556937,0.5707232455412545,True
stage4-known_holdout-9434e80ad11ae7664ef8,15/9-F-15,15/9-F-15 D,3507.2,0.21199999749660492,0.2488284558057785,0.21199999749660492,0.2488284558057785,0.0,0.5231479356686273,True
stage4-known_holdout-cd6d4b91996665ae77b5,15/9-F-15,15/9-F-15 D,3509.2,0.12250000238418579,0.18699057400226593,0.12250000238418579,0.18699057400226593,0.0,0.46131005386511476,True
stage4-known_holdout-d0750a1d89c25a62d644,15/9-F-15,15/9-F-15 D,3511.2,0.13519999384880066,0.18771964311599731,0.13519999384880066,0.18771964311599731,0.0,0.46203912297884614,True
stage4-known_holdout-5ee1e7d1998ea1edb301,15/9-F-15,15/9-F-15 D,3513.2,0.14810000360012054,0.19620934128761292,0.14810000360012054,0.19620934128761292,0.0,0.47052882115046174,True
stage4-known_holdout-4faf8898441facccdaee,15/9-F-15,15/9-F-15 D,3515.2,0.14640000462532043,0.19326236844062805,0.14640000462532043,0.19326236844062805,0.0,0.4675818483034769,True
stage4-known_holdout-42239396b6bbcd9bd534,15/9-F-15,15/9-F-15 D,3517.2,0.1542000025510788,0.21195702254772186,0.1542000025510788,0.21195702254772186,0.0,0.4862765024105707,True
stage4-known_holdout-ff252650c5341111bacd,15/9-F-15,15/9-F-15 D,3519.2,0.13249999284744263,0.24744725227355957,0.13249999284744263,0.24744725227355957,0.0,0.5217667321364083,True
stage4-known_holdout-f0a5e0d1f60e44aaae7b,15/9-F-15,15/9-F-15 D,3521.2,0.4456999897956848,0.46654048562049866,0.4456999897956848,0.46654048562049866,0.19222100575764983,0.7408599654833474,True
stage4-known_holdout-d80af3dc39d8cb8feddb,15/9-F-15,15/9-F-15 D,3523.2,0.21250000596046448,0.26898279786109924,0.21250000596046448,0.26898279786109924,0.0,0.543302277723948,True
stage4-known_holdout-746e2aaf9695707a616e,15/9-F-15,15/9-F-15 D,3525.2,0.19589999318122864,0.24147213995456696,0.19589999318122864,0.24147213995456696,0.0,0.5157916198174157,True
stage4-known_holdout-73d95990c9195b229d91,15/9-F-15,15/9-F-15 D,3527.2,0.15970000624656677,0.2108205258846283,0.15970000624656677,0.2108205258846283,0.0,0.4851400057474771,True
stage4-known_holdout-3a3d9589c71403c94c36,15/9-F-15,15/9-F-15 D,3529.2,0.18479999899864197,0.24872009456157684,0.18479999899864197,0.24872009456157684,0.0,0.5230395744244256,True
stage4-known_holdout-960408e578cdd46b9989,15/9-F-15,15/9-F-15 D,3531.2,0.5059000253677368,0.41840752959251404,0.5059000253677368,0.41840752959251404,0.1440880497296652,0.6927270094553628,True
stage4-known_holdout-54a4524ff66a1b9b640d,15/9-F-15,15/9-F-15 D,3533.2,0.3991999924182892,0.4000346064567566,0.3991999924182892,0.4000346064567566,0.12571512659390777,0.6743540863196054,True
stage4-known_holdout-72357460dbece7a48068,15/9-F-15,15/9-F-15 D,3535.2,0.8499000072479248,0.6721247434616089,0.8499000072479248,0.6721247434616089,0.39780526359876006,0.9464442233244577,True
stage4-known_holdout-75232436122e55a57cdb,15/9-F-15,15/9-F-15 D,3537.2,0.7827000021934509,0.6001095771789551,0.7827000021934509,0.6001095771789551,0.32579009731610625,0.8744290570418038,True
stage4-known_holdout-0ea4769ba6603e6edfe6,15/9-F-15,15/9-F-15 D,3539.2,0.1128000020980835,0.25511717796325684,0.1128000020980835,0.25511717796325684,0.0,0.5294366578261056,True
stage4-known_holdout-ee05479624beb03d2253,15/9-F-15,15/9-F-15 D,3541.2,0.06939999759197235,0.17579427361488342,0.06939999759197235,0.17579427361488342,0.0,0.45011375347773225,True
stage4-known_holdout-64b5b55fee2902db5d05,15/9-F-15,15/9-F-15 D,3543.2,0.10970000177621841,0.1827869713306427,0.10970000177621841,0.1827869713306427,0.0,0.4571064511934915,True
stage4-known_holdout-322e18ba71517b1247bc,15/9-F-15,15/9-F-15 D,3545.2,0.15600000321865082,0.22574269771575928,0.15600000321865082,0.22574269771575928,0.0,0.500062177578608,True
stage4-known_holdout-51bcea5d48d649afe291,15/9-F-15,15/9-F-15 D,3547.2,0.16599999368190765,0.23326784372329712,0.16599999368190765,0.23326784372329712,0.0,0.5075873235861459,True
stage4-known_holdout-f9627afeded430930328,15/9-F-15,15/9-F-15 D,3549.2,0.16200000047683716,0.23326784372329712,0.16200000047683716,0.23326784372329712,0.0,0.5075873235861459,True
stage4-known_holdout-a6b2cdbdf74b97e1ce27,15/9-F-15,15/9-F-15 D,3551.2,0.18019999563694,0.2013620138168335,0.18019999563694,0.2013620138168335,0.0,0.4756814936796823,True
stage4-known_holdout-bb9471ff0536c87bedbb,15/9-F-15,15/9-F-15 D,3553.2,0.19429999589920044,0.2170751988887787,0.19429999589920044,0.2170751988887787,0.0,0.4913946787516275,True
stage4-known_holdout-e7d5237df3767ffc9c71,15/9-F-15,15/9-F-15 D,3555.2,0.618399977684021,0.5287972092628479,0.618399977684021,0.5287972092628479,0.2544777293999991,0.8031166891256967,True
stage4-known_holdout-a516346733fe21ced37c,15/9-F-15,15/9-F-15 D,3557.2,1.0,0.8335997462272644,1.0,0.8335997462272644,0.5592802663644156,1.0,True
stage4-known_holdout-3b1bde099d8f59af1259,15/9-F-15,15/9-F-15 D,3559.2,1.0,0.7437337636947632,1.0,0.7437337636947632,0.46941428383191436,1.0,True
stage4-known_holdout-9770f80ef5076c91bdf1,15/9-F-15,15/9-F-15 D,3561.2,0.10419999808073044,0.17773640155792236,0.10419999808073044,0.17773640155792236,0.0,0.4520558814207712,True
stage4-known_holdout-914db9627e3544387710,15/9-F-15,15/9-F-15 D,3563.2,0.10639999806880951,0.17770542204380035,0.10639999806880951,0.17770542204380035,0.0,0.4520249019066492,True
stage4-known_holdout-3050f11f585052d4f183,15/9-F-15,15/9-F-15 D,3565.2,0.10010000318288803,0.1765890270471573,0.10010000318288803,0.1765890270471573,0.0,0.4509085069100061,True
stage4-known_holdout-ae50fe59ec99fbd6616f,15/9-F-15,15/9-F-15 D,3567.2,0.08630000054836273,0.17770542204380035,0.08630000054836273,0.17770542204380035,0.0,0.4520249019066492,True
stage4-known_holdout-d7dedd49cbecd8d5c77c,15/9-F-15,15/9-F-15 D,3569.2,0.08250000327825546,0.17579427361488342,0.08250000327825546,0.17579427361488342,0.0,0.45011375347773225,True
stage4-known_holdout-003e514d4d477442b532,15/9-F-15,15/9-F-15 D,3571.2,0.30469998717308044,0.35615161061286926,0.30469998717308044,0.35615161061286926,0.08183213075002044,0.630471090475718,True
stage4-known_holdout-b80bad9438abfe5e1e39,15/9-F-15,15/9-F-15 D,3573.2,0.42410001158714294,0.4149695038795471,0.42410001158714294,0.4149695038795471,0.1406500240166983,0.6892889837423959,True
stage4-known_holdout-fd02581666bc1c2cd479,15/9-F-15,15/9-F-15 D,3575.2,0.4244999885559082,0.421230286359787,0.4244999885559082,0.421230286359787,0.14691080649693816,0.6955497662226358,True
stage4-known_holdout-7e030f1adba5d3f1cf6d,15/9-F-15,15/9-F-15 D,3577.2,0.42080000042915344,0.45220327377319336,0.42080000042915344,0.45220327377319336,0.17788379391034453,0.7265227536360421,True
stage4-known_holdout-a6596fbc2077e5dfb2d8,15/9-F-15,15/9-F-15 D,3579.2,0.376800000667572,0.4117681384086609,0.376800000667572,0.4117681384086609,0.13744865854581206,0.6860876182715097,True
stage4-known_holdout-610521294af99a07640c,15/9-F-15,15/9-F-15 D,3581.2,0.4580000042915344,0.4561408460140228,0.4580000042915344,0.4561408460140228,0.181821366151174,0.7304603258768716,True
stage4-known_holdout-c3d15960498aa70f4f2e,15/9-F-15,15/9-F-15 D,3583.2,0.2870999872684479,0.33632558584213257,0.2870999872684479,0.33632558584213257,0.06200610597928374,0.6106450657049813,True
stage4-known_holdout-1e89ee044669f730cd32,15/9-F-15,15/9-F-15 D,3585.2,0.2092999964952469,0.274452269077301,0.2092999964952469,0.274452269077301,0.00013278921445220027,0.5487717489401498,True
stage4-known_holdout-b9a3245cd0afa8ab9178,15/9-F-15,15/9-F-15 D,3587.2,0.20069999992847443,0.29005950689315796,0.20069999992847443,0.29005950689315796,0.015740027030309134,0.5643789867560067,True
stage4-known_holdout-28df0fd0577de4e7b7ed,15/9-F-15,15/9-F-15 D,3589.2,1.0,0.6768162846565247,1.0,0.6768162846565247,0.40249680479367583,0.9511357645193734,False
stage4-known_holdout-cfe435eeaf84f85cb0eb,15/9-F-15,15/9-F-15 D,3591.2,1.0,0.8617053031921387,1.0,0.8617053031921387,0.5873858233292899,1.0,True
stage4-known_holdout-1a8a5c2641e738b59a36,15/9-F-15,15/9-F-15 D,3593.2,0.9883000254631042,0.8224323987960815,0.9883000254631042,0.8224323987960815,0.5481129189332328,1.0,True
stage4-known_holdout-aacec5087712b71edcf9,15/9-F-15,15/9-F-15 D,3595.2,0.5185999870300293,0.5335010886192322,0.5185999870300293,0.5335010886192322,0.25918160875638335,0.807820568482081,True
stage4-known_holdout-4880193ebc6c9370bb0a,15/9-F-15,15/9-F-15 D,3597.2,0.39890000224113464,0.44478267431259155,0.39890000224113464,0.44478267431259155,0.17046319444974273,0.7191021541754403,True
stage4-known_holdout-bd49dfa3432e2f4d804c,15/9-F-15,15/9-F-15 D,3599.2,0.4537000060081482,0.5206734538078308,0.4537000060081482,0.5206734538078308,0.24635397394498199,0.7949929336706796,True
stage4-known_holdout-4b5acea138639d8da618,15/9-F-15,15/9-F-15 D,3601.2,0.6575000286102295,0.630947470664978,0.6575000286102295,0.630947470664978,0.3566279908021292,0.9052669505278268,True
stage4-known_holdout-43b3e5c967e483b31c6b,15/9-F-15,15/9-F-15 D,3603.2,0.35199999809265137,0.43444547057151794,0.35199999809265137,0.43444547057151794,0.16012599070866912,0.7087649504343667,True
stage4-known_holdout-377902afa0c4851fc597,15/9-F-15,15/9-F-15 D,3605.2,0.07980000227689743,0.17338760197162628,0.07980000227689743,0.17338760197162628,0.0,0.4477070818344751,True
stage4-known_holdout-300eb308748dafe3a78e,15/9-F-15,15/9-F-15 D,3607.2,0.0737999975681305,0.17338760197162628,0.0737999975681305,0.17338760197162628,0.0,0.4477070818344751,True
stage4-known_holdout-bff71d55c607afae1dc3,15/9-F-15,15/9-F-15 D,3609.2,0.051500000059604645,0.17338760197162628,0.051500000059604645,0.17338760197162628,0.0,0.4477070818344751,True
stage4-known_holdout-1ae8815ebc46680b2b0c,15/9-F-15,15/9-F-15 D,3611.2,0.07509999722242355,0.17338760197162628,0.07509999722242355,0.17338760197162628,0.0,0.4477070818344751,True
stage4-known_holdout-a310a19f006dfcc4d1bf,15/9-F-15,15/9-F-15 D,3613.2,0.08560000360012054,0.1752987504005432,0.08560000360012054,0.1752987504005432,0.0,0.44961823026339204,True
stage4-known_holdout-7aafcf7fa419acbc2eb6,15/9-F-15,15/9-F-15 D,3615.2,0.07900000363588333,0.17338760197162628,0.07900000363588333,0.17338760197162628,0.0,0.4477070818344751,True
stage4-known_holdout-1fb14e7a6b0ee87e0d93,15/9-F-15,15/9-F-15 D,3617.2,0.07649999856948853,0.17338760197162628,0.07649999856948853,0.17338760197162628,0.0,0.4477070818344751,True
stage4-known_holdout-6aadc0e6ebfbbbdfbaa0,15/9-F-15,15/9-F-15 D,3619.2,0.08340000361204147,0.1752987504005432,0.08340000361204147,0.1752987504005432,0.0,0.44961823026339204,True
stage4-known_holdout-c6553a5394099a15e3a0,15/9-F-15,15/9-F-15 D,3621.2,0.09300000220537186,0.1752987504005432,0.09300000220537186,0.1752987504005432,0.0,0.44961823026339204,True
stage4-known_holdout-5566d3717ca845a7b7f1,15/9-F-15,15/9-F-15 D,3623.2,0.09650000184774399,0.1752987504005432,0.09650000184774399,0.1752987504005432,0.0,0.44961823026339204,True
stage4-known_holdout-e064a232e67b0504cd25,15/9-F-15,15/9-F-15 D,3625.2,0.11590000241994858,0.17818762362003326,0.11590000241994858,0.17818762362003326,0.0,0.4525071034828821,True
stage4-known_holdout-ec77981650c4c14a5157,15/9-F-15,15/9-F-15 D,3627.2,0.10419999808073044,0.17818762362003326,0.10419999808073044,0.17818762362003326,0.0,0.4525071034828821,True
stage4-known_holdout-3cc89dd8f7c73d06bbbe,15/9-F-15,15/9-F-15 D,3629.2,0.10559999942779541,0.18026921153068542,0.10559999942779541,0.18026921153068542,0.0,0.45458869139353425,True
stage4-known_holdout-f58b5229ca4805a71136,15/9-F-15,15/9-F-15 D,3631.2,0.0851999968290329,0.17770542204380035,0.0851999968290329,0.17770542204380035,0.0,0.4520249019066492,True
stage4-known_holdout-10c76842a5210eac1511,15/9-F-15,15/9-F-15 D,3633.2,0.14669999480247498,0.20556339621543884,0.14669999480247498,0.20556339621543884,0.0,0.47988287607828767,True
stage4-known_holdout-534faace4f6b3c2e6f63,15/9-F-15,15/9-F-15 D,3635.2,0.34369999170303345,0.4114464223384857,0.34369999170303345,0.4114464223384857,0.1371269424756369,0.6857659022013345,True
stage4-known_holdout-64303175d9e1fdf6d64d,15/9-F-15,15/9-F-15 D,3637.2,0.3878999948501587,0.4149695038795471,0.3878999948501587,0.4149695038795471,0.1406500240166983,0.6892889837423959,True
stage4-known_holdout-3eb4ae10e27bb4cd7c4e,15/9-F-15,15/9-F-15 D,3639.2,0.4350000023841858,0.44315794110298157,0.4350000023841858,0.44315794110298157,0.16883846124013274,0.7174774209658303,True
stage4-known_holdout-8dff4acfe128b06a9882,15/9-F-15,15/9-F-15 D,3641.2,0.3043000102043152,0.23773854970932007,0.3043000102043152,0.23773854970932007,0.0,0.5120580295721688,True
stage4-known_holdout-3d30e04e45fb290081f5,15/9-F-15,15/9-F-15 D,3643.2,0.9667999744415283,0.8279510736465454,0.9667999744415283,0.8279510736465454,0.5536315937836966,1.0,True
stage4-known_holdout-35fdca00d8796a58ae2c,15/9-F-15,15/9-F-15 D,3645.2,0.4690999984741211,0.5048801898956299,0.4690999984741211,0.5048801898956299,0.23056071003278106,0.7791996697584787,True
stage4-known_holdout-3be29f6270aafd791c42,15/9-F-15,15/9-F-15 D,3647.2,0.4453999996185303,0.46462923288345337,0.4453999996185303,0.46462923288345337,0.19030975302060454,0.7389487127463021,True
stage4-known_holdout-56f3e496586f92de610f,15/9-F-15,15/9-F-15 D,3649.2,0.4796000123023987,0.48308590054512024,0.4796000123023987,0.48308590054512024,0.20876642068227141,0.757405380407969,True
stage4-known_holdout-e958078cdf370462c315,15/9-F-15,15/9-F-15 D,3651.2,0.4724999964237213,0.5050929188728333,0.4724999964237213,0.5050929188728333,0.23077343900998443,0.779412398735682,True
stage4-known_holdout-4350c8a0dcbb69b752fd,15/9-F-15,15/9-F-15 D,3653.2,0.31150001287460327,0.3907877206802368,0.31150001287460327,0.3907877206802368,0.11646824081738799,0.6651072005430856,True
stage4-known_holdout-0f225fe4db416a509353,15/9-F-15,15/9-F-15 D,3655.2,0.34929999709129333,0.42626094818115234,0.34929999709129333,0.42626094818115234,0.15194146831830352,0.7005804280440011,True
stage4-known_holdout-e692fb59322914b80453,15/9-F-15,15/9-F-15 D,3657.2,0.48980000615119934,0.5349217653274536,0.48980000615119934,0.5349217653274536,0.2606022854646048,0.8092412451903024,True
stage4-known_holdout-681c2b7739731bbeac1d,15/9-F-15,15/9-F-15 D,3659.2,0.41429999470710754,0.42252689599990845,0.41429999470710754,0.42252689599990845,0.14820741613705962,0.6968463758627572,True
stage4-known_holdout-70d6ee36e0fbbcd5f19c,15/9-F-15,15/9-F-15 D,3661.2,0.33079999685287476,0.32781705260276794,0.33079999685287476,0.32781705260276794,0.05349757273991912,0.6021365324656167,True
stage4-known_holdout-9e2a6123b5dc1c461a9f,15/9-F-15,15/9-F-15 D,3663.2,0.47099998593330383,0.44053539633750916,0.47099998593330383,0.44053539633750916,0.16621591647466033,0.7148548762003579,True
stage4-known_holdout-934d194a378f970818f3,15/9-F-15,15/9-F-15 D,3665.2,0.41499999165534973,0.4900868833065033,0.41499999165534973,0.4900868833065033,0.21576740344365447,0.7644063631693521,True
stage4-known_holdout-3d8780571a88bfe50f73,15/9-F-15,15/9-F-15 D,3667.2,0.4041000008583069,0.37388020753860474,0.4041000008583069,0.37388020753860474,0.09956072767575591,0.6481996874014535,True
stage4-known_holdout-dc00d43d6047b06d0f11,15/9-F-15,15/9-F-15 D,3669.2,0.5091000199317932,0.4061791002750397,0.5091000199317932,0.4061791002750397,0.13185962041219085,0.6804985801378884,True
stage4-known_holdout-253a9478ad4e32c66074,15/9-F-15,15/9-F-15 D,3671.2,0.41679999232292175,0.3669377565383911,0.41679999232292175,0.3669377565383911,0.09261827667554229,0.6412572364012399,True
stage4-known_holdout-3802cb1891d217dfa967,15/9-F-15,15/9-F-15 D,3673.2,0.5020999908447266,0.44868019223213196,0.5020999908447266,0.44868019223213196,0.17436071236928313,0.7229996720949807,True
stage4-known_holdout-8255f23da2aae5ae376d,15/9-F-15,15/9-F-15 D,3675.2,0.4593999981880188,0.46586617827415466,0.4593999981880188,0.46586617827415466,0.19154669841130584,0.7401856581370034,True
stage4-known_holdout-0859e744e4f9f3e5acee,15/9-F-15,15/9-F-15 D,3677.2,0.46889999508857727,0.47419536113739014,0.46889999508857727,0.47419536113739014,0.1998758812745413,0.7485148410002389,True
stage4-known_holdout-6271f291496396ddf2a9,15/9-F-15,15/9-F-15 D,3679.2,0.43970000743865967,0.45000019669532776,0.43970000743865967,0.45000019669532776,0.17568071683247893,0.7243196765581765,True
stage4-known_holdout-7200d625c4cf2579535e,15/9-F-15,15/9-F-15 D,3681.2,0.45669999718666077,0.47419536113739014,0.45669999718666077,0.47419536113739014,0.1998758812745413,0.7485148410002389,True
stage4-known_holdout-6aad9f016496ec42b547,15/9-F-15,15/9-F-15 D,3683.2,0.4447999894618988,0.4584885835647583,0.4447999894618988,0.4584885835647583,0.18416910370190948,0.7328080634276071,True
stage4-known_holdout-165265a7474fe5e7df7b,15/9-F-15,15/9-F-15 D,3685.2,0.4634999930858612,0.46586617827415466,0.4634999930858612,0.46586617827415466,0.19154669841130584,0.7401856581370034,True
stage4-known_holdout-9dfec97d19de0b0feae6,15/9-F-15,15/9-F-15 D,3687.2,0.43140000104904175,0.4584885835647583,0.43140000104904175,0.4584885835647583,0.18416910370190948,0.7328080634276071,True
stage4-known_holdout-0595d07854c27f42aac5,15/9-F-15,15/9-F-15 D,3689.2,0.45680001378059387,0.4573777914047241,0.45680001378059387,0.4573777914047241,0.1830583115418753,0.7316972712675729,True
stage4-known_holdout-5ac38b6907c45a33e1d0,15/9-F-15,15/9-F-15 D,3691.2,0.4603999853134155,0.47419536113739014,0.4603999853134155,0.47419536113739014,0.1998758812745413,0.7485148410002389,True
stage4-known_holdout-7120d631ed222570cd11,15/9-F-15,15/9-F-15 D,3693.2,0.4595000147819519,0.4584885835647583,0.4595000147819519,0.4584885835647583,0.18416910370190948,0.7328080634276071,True
stage4-known_holdout-f134b338e4159f7d840d,15/9-F-15,15/9-F-15 D,3695.2,0.4458000063896179,0.46586617827415466,0.4458000063896179,0.46586617827415466,0.19154669841130584,0.7401856581370034,True
stage4-known_holdout-53f58669b06d5feed238,15/9-F-15,15/9-F-15 D,3697.2,0.43939998745918274,0.4584885835647583,0.43939998745918274,0.4584885835647583,0.18416910370190948,0.7328080634276071,True
stage4-known_holdout-8f1a5732234acc2f790c,15/9-F-15,15/9-F-15 D,3699.2,0.43290001153945923,0.4584885835647583,0.43290001153945923,0.4584885835647583,0.18416910370190948,0.7328080634276071,True
stage4-known_holdout-22d5e23407ac7a9335e2,15/9-F-15,15/9-F-15 D,3701.2,0.4643000066280365,0.46586617827415466,0.4643000066280365,0.46586617827415466,0.19154669841130584,0.7401856581370034,True
stage4-known_holdout-0a4df3ee6de6bcbe5e2e,15/9-F-15,15/9-F-15 D,3703.2,0.45879998803138733,0.47419536113739014,0.45879998803138733,0.47419536113739014,0.1998758812745413,0.7485148410002389,True
stage4-known_holdout-17668dcae7059dc5f342,15/9-F-15,15/9-F-15 D,3705.2,0.4681999981403351,0.47419536113739014,0.4681999981403351,0.47419536113739014,0.1998758812745413,0.7485148410002389,True
stage4-known_holdout-03187adc9ae93a0f6f10,15/9-F-15,15/9-F-15 D,3707.2,0.46399998664855957,0.47419536113739014,0.46399998664855957,0.47419536113739014,0.1998758812745413,0.7485148410002389,True
stage4-known_holdout-9e2bf22ca799d15580c4,15/9-F-15,15/9-F-15 D,3709.2,0.4551999866962433,0.47419536113739014,0.4551999866962433,0.47419536113739014,0.1998758812745413,0.7485148410002389,True
stage4-known_holdout-18b4bcd9dd2bae5fa9a3,15/9-F-15,15/9-F-15 D,3711.2,0.4672999978065491,0.46586617827415466,0.4672999978065491,0.46586617827415466,0.19154669841130584,0.7401856581370034,True
stage4-known_holdout-94c911905cf5a3a9acda,15/9-F-15,15/9-F-15 D,3713.2,0.46549999713897705,0.46586617827415466,0.46549999713897705,0.46586617827415466,0.19154669841130584,0.7401856581370034,True
stage4-known_holdout-48c19a6e0ad2b5f3cecd,15/9-F-15,15/9-F-15 D,3715.2,0.4580000042915344,0.46586617827415466,0.4580000042915344,0.46586617827415466,0.19154669841130584,0.7401856581370034,True
stage4-known_holdout-e4b0303b88f94d00c2e6,15/9-F-15,15/9-F-15 D,3717.2,0.45660001039505005,0.47419536113739014,0.45660001039505005,0.47419536113739014,0.1998758812745413,0.7485148410002389,True
stage4-known_holdout-32b2d7d20a975737d50c,15/9-F-15,15/9-F-15 D,3719.2,0.4560999870300293,0.47419536113739014,0.4560999870300293,0.47419536113739014,0.1998758812745413,0.7485148410002389,True
stage4-known_holdout-7d9eeb9f411d82ae1b24,15/9-F-15,15/9-F-15 D,3721.2,0.43070000410079956,0.4584885835647583,0.43070000410079956,0.4584885835647583,0.18416910370190948,0.7328080634276071,True
stage4-known_holdout-8e60a4ff0f0d347b204f,15/9-F-15,15/9-F-15 D,3723.2,0.38659998774528503,0.4117681384086609,0.38659998774528503,0.4117681384086609,0.13744865854581206,0.6860876182715097,True
stage4-known_holdout-d33ee4605c773d2adea8,15/9-F-15,15/9-F-15 D,3725.2,0.30720001459121704,0.3446049094200134,0.30720001459121704,0.3446049094200134,0.0702854295571646,0.6189243892828622,True
stage4-known_holdout-12c004330538b7ce39ac,15/9-F-15,15/9-F-15 D,3727.2,0.4803999960422516,0.422334223985672,0.4803999960422516,0.422334223985672,0.14801474412282317,0.6966537038485208,True
stage4-known_holdout-dbbb9df70eb3f244b00c,15/9-F-15,15/9-F-15 D,3729.2,0.18860000371932983,0.23517754673957825,0.18860000371932983,0.23517754673957825,0.0,0.509497026602427,True
stage4-known_holdout-f163c127a82e8dcf2d05,15/9-F-15,15/9-F-15 D,3731.2,0.19679999351501465,0.2529143989086151,0.19679999351501465,0.2529143989086151,0.0,0.5272338787714639,True
stage4-known_holdout-51c357c6c42a6cb628c7,15/9-F-15,15/9-F-15 D,3733.2,0.19200000166893005,0.24066457152366638,0.19200000166893005,0.24066457152366638,0.0,0.5149840513865152,True
stage4-known_holdout-a3b2bdc3cf5979c66132,15/9-F-15,15/9-F-15 D,3735.2,0.15880000591278076,0.20496445894241333,0.15880000591278076,0.20496445894241333,0.0,0.47928393880526216,True
stage4-known_holdout-e4a1f7b1cae74a7959d1,15/9-F-15,15/9-F-15 D,3737.2,0.17110000550746918,0.20360605418682098,0.17110000550746918,0.20360605418682098,0.0,0.4779255340496698,True
stage4-known_holdout-3f1cfef86b8cc5c2bebe,15/9-F-15,15/9-F-15 D,3739.2,0.21889999508857727,0.3540087044239044,0.21889999508857727,0.3540087044239044,0.0796892245610556,0.6283281842867532,True
stage4-known_holdout-d4fca6936c227d6701c5,15/9-F-15,15/9-F-15 D,3741.2,0.21969999372959137,0.40269213914871216,0.21969999372959137,0.40269213914871216,0.12837265928586333,0.6770116190115609,True
stage4-known_holdout-76ec3b41755376f95241,15/9-F-15,15/9-F-15 D,3743.2,0.3345000147819519,0.7441514134407043,0.3345000147819519,0.7441514134407043,0.4698319335778555,1.0,False
stage4-known_holdout-e268522fc5a4699048b9,15/9-F-15,15/9-F-15 D,3745.2,0.13770000636577606,0.20266194641590118,0.13770000636577606,0.20266194641590118,0.0,0.47698142627875,True
stage4-known_holdout-42f7a2fd937960b8c03b,15/9-F-15,15/9-F-15 D,3747.2,0.17260000109672546,0.21119382977485657,0.17260000109672546,0.21119382977485657,0.0,0.4855133096377054,True
stage4-known_holdout-08e98237301261b0f2ac,15/9-F-15,15/9-F-15 D,3749.2,0.13030000030994415,0.18674352765083313,0.13030000030994415,0.18674352765083313,0.0,0.46106300751368196,True
stage4-known_holdout-eced0516c11027b7fb07,15/9-F-15,15/9-F-15 D,3751.2,0.1185000017285347,0.1814478486776352,0.1185000017285347,0.1814478486776352,0.0,0.455767328540484,True
stage4-known_holdout-f8c0595744a7320090e8,15/9-F-15,15/9-F-15 D,3753.2,0.1289999932050705,0.18570899963378906,0.1289999932050705,0.18570899963378906,0.0,0.4600284794966379,True
stage4-known_holdout-cf7519a4e8739174f48c,15/9-F-15,15/9-F-15 D,3755.2,0.13349999487400055,0.18570899963378906,0.13349999487400055,0.18570899963378906,0.0,0.4600284794966379,True
stage4-known_holdout-70eb231501baad128aeb,15/9-F-15,15/9-F-15 D,3757.2,0.1485999971628189,0.19070972502231598,0.1485999971628189,0.19070972502231598,0.0,0.4650292048851648,True
stage4-known_holdout-6808a0aec98b73069466,15/9-F-15,15/9-F-15 D,3759.2,0.14229999482631683,0.1921953707933426,0.14229999482631683,0.1921953707933426,0.0,0.4665148506561914,True
stage4-known_holdout-67f2c2a0dc39a7bac957,15/9-F-15,15/9-F-15 D,3761.2,0.13580000400543213,0.19100412726402283,0.13580000400543213,0.19100412726402283,0.0,0.46532360712687165,True
stage4-known_holdout-17b968e0d30a2ba6d263,15/9-F-15,15/9-F-15 D,3763.2,0.14890000224113464,0.19935129582881927,0.14890000224113464,0.19935129582881927,0.0,0.4736707756916681,True
stage4-known_holdout-48029d8d2c1028b5ce36,15/9-F-15,15/9-F-15 D,3765.2,0.1500999927520752,0.19501912593841553,0.1500999927520752,0.19501912593841553,0.0,0.46933860580126435,True
stage4-known_holdout-8ba5fc1560e29abcffa5,15/9-F-15,15/9-F-15 D,3767.2,0.15389999747276306,0.20496445894241333,0.15389999747276306,0.20496445894241333,0.0,0.47928393880526216,True
stage4-known_holdout-43522cdeeed55822eee9,15/9-F-15,15/9-F-15 D,3769.2,0.16580000519752502,0.20876279473304749,0.16580000519752502,0.20876279473304749,0.0,0.4830822745958963,True
stage4-known_holdout-c8d3b78e091d48b925c8,15/9-F-15,15/9-F-15 D,3771.2,0.15520000457763672,0.20136703550815582,0.15520000457763672,0.20136703550815582,0.0,0.47568651537100465,True
stage4-known_holdout-fed5676edbfe1ec0cd31,15/9-F-15,15/9-F-15 D,3773.2,0.15629999339580536,0.21070492267608643,0.15629999339580536,0.21070492267608643,0.0,0.48502440253893525,True
stage4-known_holdout-3d2a43daa0e597b38c1f,15/9-F-15,15/9-F-15 D,3775.2,0.13850000500679016,0.18895140290260315,0.13850000500679016,0.18895140290260315,0.0,0.463270882765452,True
stage4-known_holdout-335a252387ca68564363,15/9-F-15,15/9-F-15 D,3777.2,0.11949999630451202,0.18699057400226593,0.11949999630451202,0.18699057400226593,0.0,0.46131005386511476,True
stage4-known_holdout-beb5b89cdad5194510cc,15/9-F-15,15/9-F-15 D,3779.2,0.17440000176429749,0.20011962950229645,0.17440000176429749,0.20011962950229645,0.0,0.4744391093651453,True
stage4-known_holdout-0dc7ef14c4a87560f44d,15/9-F-15,15/9-F-15 D,3781.2,0.20090000331401825,0.23584547638893127,0.20090000331401825,0.23584547638893127,0.0,0.51016495625178,True
stage4-known_holdout-b570a21d86d6990d5e0a,15/9-F-15,15/9-F-15 D,3783.2,0.15139999985694885,0.19326236844062805,0.15139999985694885,0.19326236844062805,0.0,0.4675818483034769,True
stage4-known_holdout-0365f64d4c94612b94c8,15/9-F-15,15/9-F-15 D,3785.2,0.14139999449253082,0.19326236844062805,0.14139999449253082,0.19326236844062805,0.0,0.4675818483034769,True
stage4-known_holdout-f6bcf38aac3a2297dc1f,15/9-F-15,15/9-F-15 D,3787.2,0.16380000114440918,0.20496445894241333,0.16380000114440918,0.20496445894241333,0.0,0.47928393880526216,True
stage4-known_holdout-0a79548f65a80b2f04dc,15/9-F-15,15/9-F-15 D,3789.2,0.15309999883174896,0.20496445894241333,0.15309999883174896,0.20496445894241333,0.0,0.47928393880526216,True
stage4-known_holdout-1ce164a6b89ac48d8fee,15/9-F-15,15/9-F-15 D,3791.2,0.13539999723434448,0.19326236844062805,0.13539999723434448,0.19326236844062805,0.0,0.4675818483034769,True
stage4-known_holdout-fb1b086ae34ba0ae932f,15/9-F-15,15/9-F-15 D,3793.2,0.1517000049352646,0.19326236844062805,0.1517000049352646,0.19326236844062805,0.0,0.4675818483034769,True
stage4-known_holdout-ea1cf81b233658107a53,15/9-F-15,15/9-F-15 D,3795.2,0.17319999635219574,0.22723504900932312,0.17319999635219574,0.22723504900932312,0.0,0.5015545288721719,True
stage4-known_holdout-5fed4a96f1b0afe0d257,15/9-F-15,15/9-F-15 D,3797.2,0.12219999730587006,0.1818678081035614,0.12219999730587006,0.1818678081035614,0.0,0.4561872879664102,True
stage4-known_holdout-5875980891e36127cd0e,15/9-F-15,15/9-F-15 D,3799.2,0.12200000137090683,0.18805715441703796,0.12200000137090683,0.18805715441703796,0.0,0.4623766342798868,True
stage4-known_holdout-6007f4f45c79fe97a456,15/9-F-15,15/9-F-15 D,3801.2,0.11909999698400497,0.18805715441703796,0.11909999698400497,0.18805715441703796,0.0,0.4623766342798868,True
stage4-known_holdout-e9246af108860f1f4c64,15/9-F-15,15/9-F-15 D,3803.2,0.11699999868869781,0.18805715441703796,0.11699999868869781,0.18805715441703796,0.0,0.4623766342798868,True
stage4-known_holdout-f90cd7f51123ee2c046d,15/9-F-15,15/9-F-15 D,3805.2,0.121799997985363,0.18895140290260315,0.121799997985363,0.18895140290260315,0.0,0.463270882765452,True
stage4-known_holdout-d56fe7925c7d9a288e93,15/9-F-15,15/9-F-15 D,3807.2,0.12470000237226486,0.1921953707933426,0.12470000237226486,0.1921953707933426,0.0,0.4665148506561914,True
stage4-known_holdout-6c40fd37c9b08f2448b1,15/9-F-15,15/9-F-15 D,3809.2,0.12189999967813492,0.1921953707933426,0.12189999967813492,0.1921953707933426,0.0,0.4665148506561914,True
stage4-known_holdout-45b09161b02e719b3761,15/9-F-15,15/9-F-15 D,3811.2,0.10869999974966049,0.18127824366092682,0.10869999974966049,0.18127824366092682,0.0,0.45559772352377564,True
stage4-known_holdout-922a360173cadb900694,15/9-F-15,15/9-F-15 D,3813.2,0.03830000013113022,0.17579427361488342,0.03830000013113022,0.17579427361488342,0.0,0.45011375347773225,True
stage4-known_holdout-142a5c79ca32faac6826,15/9-F-15,15/9-F-15 D,3815.2,0.04820000007748604,0.20146937668323517,0.04820000007748604,0.20146937668323517,0.0,0.475788856546084,True
stage4-known_holdout-d59c72a1a4f2282071a0,15/9-F-15,15/9-F-15 D,3817.2,0.26579999923706055,0.3140285611152649,0.26579999923706055,0.3140285611152649,0.03970908125241607,0.5883480409781137,True
stage4-known_holdout-54313a1d6b19bbf911bd,15/9-F-15,15/9-F-15 D,3819.2,0.2590000033378601,0.30117011070251465,0.2590000033378601,0.30117011070251465,0.026850630839665823,0.5754895905653634,True
stage4-known_holdout-34462074b5f426b7be36,15/9-F-15,15/9-F-15 D,3821.2,0.5841000080108643,0.5515806674957275,0.5841000080108643,0.5515806674957275,0.2772611876328787,0.8259001473585763,True
stage4-known_holdout-99e2267a1b6a41c2aac6,15/9-F-15,15/9-F-15 D,3823.2,0.24699999392032623,0.30629655718803406,0.24699999392032623,0.30629655718803406,0.03197707732518523,0.5806160370508828,True
stage4-known_holdout-3df14255ef7afa71ee3e,15/9-F-15,15/9-F-15 D,3825.2,0.11330000311136246,0.17467787861824036,0.11330000311136246,0.17467787861824036,0.0,0.4489973584810892,True
stage4-known_holdout-5d0cbacb86ee0860cdc9,15/9-F-15,15/9-F-15 D,3827.2,0.11980000138282776,0.1818678081035614,0.11980000138282776,0.1818678081035614,0.0,0.4561872879664102,True
stage4-known_holdout-348556d83c9f25c69bf4,15/9-F-15,15/9-F-15 D,3829.2,0.1128000020980835,0.17579427361488342,0.1128000020980835,0.17579427361488342,0.0,0.45011375347773225,True
stage4-known_holdout-1942eb198698fd8c5588,15/9-F-15,15/9-F-15 D,3831.2,0.10980000346899033,0.17579427361488342,0.10980000346899033,0.17579427361488342,0.0,0.45011375347773225,True
stage4-known_holdout-13049d065ae88f393af4,15/9-F-15,15/9-F-15 D,3833.2,0.17720000445842743,0.2670058310031891,0.17720000445842743,0.2670058310031891,0.0,0.5413253108660379,True
stage4-known_holdout-568188184a53d4e5b78d,15/9-F-15,15/9-F-15 D,3835.2,0.20399999618530273,0.26980283856391907,0.20399999618530273,0.26980283856391907,0.0,0.5441223184267678,True
stage4-known_holdout-6c8379592373e05e8ae7,15/9-F-15,15/9-F-15 D,3837.2,0.6779000163078308,0.6844558119773865,0.6779000163078308,0.6844558119773865,0.41013633211453765,0.9587752918402352,True
stage4-known_holdout-2b7359baedba5d51aa35,15/9-F-15,15/9-F-15 D,3839.2,0.8273000121116638,0.6238555312156677,0.8273000121116638,0.6238555312156677,0.3495360513528189,0.8981750110785165,True
stage4-known_holdout-d526bad51ce63af07a65,15/9-F-15,15/9-F-15 D,3841.2,0.37860000133514404,0.5975319147109985,0.37860000133514404,0.5975319147109985,0.3232124348481497,0.8718513945738473,True
stage4-known_holdout-161d9bf0b6566f5b2c27,15/9-F-15,15/9-F-15 D,3843.2,0.3301999866962433,0.3936922252178192,0.3301999866962433,0.3936922252178192,0.11937274535497039,0.668011705080668,True
stage4-known_holdout-b57b85b663b4398fe966,15/9-F-15,15/9-F-15 D,3845.2,0.41029998660087585,0.3579626977443695,0.41029998660087585,0.3579626977443695,0.08364321788152068,0.6322821776072183,True
stage4-known_holdout-4a36a8e52f5cd0fcac1c,15/9-F-15,15/9-F-15 D,3847.2,0.23090000450611115,0.3166671395301819,0.23090000450611115,0.3166671395301819,0.04234765966733306,0.5909866193930307,True
stage4-known_holdout-de643fb031c10f6e46bd,15/9-F-15,15/9-F-15 D,3849.2,0.13519999384880066,0.2034115046262741,0.13519999384880066,0.2034115046262741,0.0,0.47773098448912293,True
stage4-known_holdout-d415dc39abe1ed8ee6b7,15/9-F-15,15/9-F-15 D,3851.2,0.11559999734163284,0.19411949813365936,0.11559999734163284,0.19411949813365936,0.0,0.4684389779965082,True
stage4-known_holdout-ef40551797414f2c1590,15/9-F-15,15/9-F-15 D,3853.2,0.09549999982118607,0.17579427361488342,0.09549999982118607,0.17579427361488342,0.0,0.45011375347773225,True
stage4-known_holdout-ca233975c512d2bb6e0c,15/9-F-15,15/9-F-15 D,3855.2,0.10849999636411667,0.1818678081035614,0.10849999636411667,0.1818678081035614,0.0,0.4561872879664102,True
stage4-known_holdout-6fb4aa6b1fb3e36c9964,15/9-F-15,15/9-F-15 D,3857.2,0.1080000028014183,0.17579427361488342,0.1080000028014183,0.17579427361488342,0.0,0.45011375347773225,True
stage4-known_holdout-d24bbacc849a338ee0fc,15/9-F-15,15/9-F-15 D,3859.2,0.27090001106262207,0.3137526214122772,0.27090001106262207,0.3137526214122772,0.0394331415494284,0.588072101275126,True
stage4-known_holdout-d12ad5c626b9856ad483,15/9-F-15,15/9-F-15 D,3861.2,1.0,0.8732501864433289,1.0,0.8732501864433289,0.5989307065804801,1.0,True
stage4-known_holdout-7adcaa2a5c700af76932,15/9-F-15,15/9-F-15 D,3863.2,0.9351999759674072,0.7736660242080688,0.9351999759674072,0.7736660242080688,0.49934654434522,1.0,True
stage4-known_holdout-339aa29a871f887713b8,15/9-F-15,15/9-F-15 D,3865.2,1.0,0.8490402698516846,1.0,0.8490402698516846,0.5747207899888358,1.0,True
stage4-known_holdout-7fa9aa9db58841ab36e1,15/9-F-15,15/9-F-15 D,3867.2,0.767300009727478,0.6023776531219482,0.767300009727478,0.6023776531219482,0.3280581732590994,0.876697132984797,True
stage4-known_holdout-7cab1ff27ef722d09074,15/9-F-15,15/9-F-15 D,3869.2,0.5519999861717224,0.5654056072235107,0.5519999861717224,0.5654056072235107,0.2910861273606619,0.8397250870863595,True
stage4-known_holdout-4f3dc2f684223724e3d1,15/9-F-15,15/9-F-15 D,3871.2,0.44859999418258667,0.46496960520744324,0.44859999418258667,0.46496960520744324,0.1906501253445944,0.739289085070292,True
stage4-known_holdout-17c68ae34f622bcf2d0e,15/9-F-15,15/9-F-15 D,3873.2,0.43140000104904175,0.4498775899410248,0.43140000104904175,0.4498775899410248,0.17555811007817596,0.7241970698038735,True
stage4-known_holdout-6314ea77bf675c56d640,15/9-F-15,15/9-F-15 D,3875.2,1.0,0.8416473865509033,1.0,0.8416473865509033,0.5673279066880546,1.0,True
stage4-known_holdout-ffab2a8280c137d89172,15/9-F-15,15/9-F-15 D,4147.6,0.16840000450611115,0.2394896149635315,0.16840000450611115,0.2394896149635315,0.0,0.5138090948263803,True
stage4-known_holdout-c45006e38549e2a95f4b,15/9-F-15,15/9-F-15 D,4149.6,0.1746000051498413,0.2417721301317215,0.1746000051498413,0.2417721301317215,0.0,0.5160916099945703,True
stage4-known_holdout-3e9b6ebb643b4a53d672,15/9-F-15,15/9-F-15 D,4154.8,0.1728000044822693,0.2394896149635315,0.1728000044822693,0.2394896149635315,0.0,0.5138090948263803,True
stage4-known_holdout-b2bdb613383d9dcd0ffd,15/9-F-15,15/9-F-15 D,4156.8,0.1923000067472458,0.2724989354610443,0.1923000067472458,0.2724989354610443,0.0,0.5468184153238931,True
stage4-known_holdout-9ea70dca03d483ce5a3f,15/9-F-15,15/9-F-15 D,4158.8,0.21130000054836273,0.28068801760673523,0.21130000054836273,0.28068801760673523,0.006368537743886404,0.555007497469584,True
stage4-known_holdout-720a34c84153a4e333d9,15/9-F-15,15/9-F-15 D,4160.8,0.20730000734329224,0.28068801760673523,0.20730000734329224,0.28068801760673523,0.006368537743886404,0.555007497469584,True
stage4-known_holdout-eb349070b66d41b28943,15/9-F-15,15/9-F-15 D,4162.8,0.18000000715255737,0.2575628161430359,0.18000000715255737,0.2575628161430359,0.0,0.5318822960058847,True
stage4-known_holdout-f279f472b76d4ad71636,15/9-F-15,15/9-F-15 D,4164.8,0.1859000027179718,0.2724989354610443,0.1859000027179718,0.2724989354610443,0.0,0.5468184153238931,True
stage4-known_holdout-9007612e0667e0135ca6,15/9-F-15,15/9-F-15 D,4166.8,0.20200000703334808,0.28068801760673523,0.20200000703334808,0.28068801760673523,0.006368537743886404,0.555007497469584,True
stage4-known_holdout-1f2c5c25321a85e30583,15/9-F-15,15/9-F-15 D,4168.8,0.21150000393390656,0.28068801760673523,0.21150000393390656,0.28068801760673523,0.006368537743886404,0.555007497469584,True
stage4-known_holdout-32eb0a0a39a192f68457,15/9-F-15,15/9-F-15 D,4170.8,0.2079000025987625,0.28554022312164307,0.2079000025987625,0.28554022312164307,0.011220743258794241,0.5598597029844918,True
stage4-known_holdout-b99c11d6b460ecffa28a,15/9-F-15,15/9-F-15 D,4172.8,0.20730000734329224,0.28068801760673523,0.20730000734329224,0.28068801760673523,0.006368537743886404,0.555007497469584,True
stage4-known_holdout-41558f06d47b4aca1b9f,15/9-F-15,15/9-F-15 D,4174.8,0.20819999277591705,0.28068801760673523,0.20819999277591705,0.28068801760673523,0.006368537743886404,0.555007497469584,True
stage4-known_holdout-22b78a64e874ca64673a,15/9-F-15,15/9-F-15 D,4176.8,0.2045000046491623,0.28068801760673523,0.2045000046491623,0.28068801760673523,0.006368537743886404,0.555007497469584,True
stage4-known_holdout-fa4fa07b88480fa39e06,15/9-F-15,15/9-F-15 D,4178.8,0.20010000467300415,0.28068801760673523,0.20010000467300415,0.28068801760673523,0.006368537743886404,0.555007497469584,True
stage4-known_holdout-5c214d1f6fb86403dc4f,15/9-F-15,15/9-F-15 D,4180.8,0.19300000369548798,0.2724989354610443,0.19300000369548798,0.2724989354610443,0.0,0.5468184153238931,True
stage4-known_holdout-ac52bb7f2a9ce6f79b90,15/9-F-15,15/9-F-15 D,4182.8,0.1860000044107437,0.2724989354610443,0.1860000044107437,0.2724989354610443,0.0,0.5468184153238931,True
stage4-known_holdout-0927bc95232ca37e8b3c,15/9-F-15,15/9-F-15 D,4184.8,0.18389999866485596,0.2724989354610443,0.18389999866485596,0.2724989354610443,0.0,0.5468184153238931,True
stage4-known_holdout-629e43d7264b1b920d12,15/9-F-15,15/9-F-15 D,4186.8,0.18529999256134033,0.2724989354610443,0.18529999256134033,0.2724989354610443,0.0,0.5468184153238931,True
stage4-known_holdout-a35c59b9924241fedb4a,15/9-F-15,15/9-F-15 D,4188.8,0.18979999423027039,0.2724989354610443,0.18979999423027039,0.2724989354610443,0.0,0.5468184153238931,True
stage4-known_holdout-fab71e44312c34ff9246,15/9-F-15,15/9-F-15 D,4190.8,0.1859000027179718,0.2724989354610443,0.1859000027179718,0.2724989354610443,0.0,0.5468184153238931,True
stage4-known_holdout-22ed8d1cc86796209032,15/9-F-15,15/9-F-15 D,4192.8,0.179299995303154,0.2575628161430359,0.179299995303154,0.2575628161430359,0.0,0.5318822960058847,True
stage4-known_holdout-f3aac4e281d3d01a344e,15/9-F-15,15/9-F-15 D,4194.8,0.19130000472068787,0.2724989354610443,0.19130000472068787,0.2724989354610443,0.0,0.5468184153238931,True
stage4-known_holdout-1c8f1ea5bf164d55b543,15/9-F-15,15/9-F-15 D,4196.8,0.19760000705718994,0.28068801760673523,0.19760000705718994,0.28068801760673523,0.006368537743886404,0.555007497469584,True
stage4-known_holdout-3d3c1d7cefbedad25208,15/9-F-15,15/9-F-15 D,4198.8,0.20270000398159027,0.28554022312164307,0.20270000398159027,0.28554022312164307,0.011220743258794241,0.5598597029844918,True
stage4-known_holdout-0b245f3426dc7c5a1dcc,15/9-F-15,15/9-F-15 D,4200.8,0.20800000429153442,0.28554022312164307,0.20800000429153442,0.28554022312164307,0.011220743258794241,0.5598597029844918,True
stage4-known_holdout-914653c8df9f38dddeff,15/9-F-15,15/9-F-15 D,4202.8,0.19580000638961792,0.28068801760673523,0.19580000638961792,0.28068801760673523,0.006368537743886404,0.555007497469584,True
stage4-known_holdout-6318b66ba7611c5f77ab,15/9-F-15,15/9-F-15 D,4204.8,0.2011999934911728,0.2724989354610443,0.2011999934911728,0.2724989354610443,0.0,0.5468184153238931,True
stage4-known_holdout-f34af58e5b90c60c13f1,15/9-F-15,15/9-F-15 D,4206.8,0.1995999962091446,0.28068801760673523,0.1995999962091446,0.28068801760673523,0.006368537743886404,0.555007497469584,True
stage4-known_holdout-5ed3e73e42a7687c48bc,15/9-F-15,15/9-F-15 D,4208.8,0.20819999277591705,0.28554022312164307,0.20819999277591705,0.28554022312164307,0.011220743258794241,0.5598597029844918,True
stage4-known_holdout-1e4497ef498666326c40,15/9-F-15,15/9-F-15 D,4210.8,0.21469999849796295,0.28554022312164307,0.21469999849796295,0.28554022312164307,0.011220743258794241,0.5598597029844918,True
stage4-known_holdout-75cdbc9b753935303d2f,15/9-F-15,15/9-F-15 D,4212.8,0.20479999482631683,0.28554022312164307,0.20479999482631683,0.28554022312164307,0.011220743258794241,0.5598597029844918,True
stage4-known_holdout-e61c6b305401ae3f9185,15/9-F-15,15/9-F-15 D,4214.8,0.20679999887943268,0.28554022312164307,0.20679999887943268,0.28554022312164307,0.011220743258794241,0.5598597029844918,True
stage4-known_holdout-c0361dbe5bd412cc148f,15/9-F-15,15/9-F-15 D,4216.8,0.20909999310970306,0.28554022312164307,0.20909999310970306,0.28554022312164307,0.011220743258794241,0.5598597029844918,True
stage4-known_holdout-4c73f786c8f86636608a,15/9-F-15,15/9-F-15 D,4218.8,0.2013999968767166,0.2846921980381012,0.2013999968767166,0.2846921980381012,0.010372718175252371,0.55901167790095,True
stage4-known_holdout-0249a801e77475c29934,15/9-F-15,15/9-F-15 D,4220.8,0.19550000131130219,0.28068801760673523,0.19550000131130219,0.28068801760673523,0.006368537743886404,0.555007497469584,True
stage4-known_holdout-c2cb32e96cbc5d485496,15/9-F-15,15/9-F-15 D,4222.8,0.19910000264644623,0.2846921980381012,0.19910000264644623,0.2846921980381012,0.010372718175252371,0.55901167790095,True
stage4-known_holdout-e2456b1e2ed475d814de,15/9-F-15,15/9-F-15 D,4224.8,0.20389999449253082,0.2846921980381012,0.20389999449253082,0.2846921980381012,0.010372718175252371,0.55901167790095,True
stage4-known_holdout-137780bf15192f3ad483,15/9-F-15,15/9-F-15 D,4226.8,0.18299999833106995,0.2724989354610443,0.18299999833106995,0.2724989354610443,0.0,0.5468184153238931,True
stage4-known_holdout-2c48720bb6a6cc8bcae0,15/9-F-15,15/9-F-15 D,4228.8,0.21860000491142273,0.289814293384552,0.21860000491142273,0.289814293384552,0.015494813521703177,0.5641337732474008,True
stage4-known_holdout-77051c11185278de230d,15/9-F-15,15/9-F-15 D,4230.8,0.2401999980211258,0.30598676204681396,0.2401999980211258,0.30598676204681396,0.03166728218396514,0.5803062419096627,True
stage4-known_holdout-f7e6db7cfa271d4cc27c,15/9-F-15,15/9-F-15 D,4232.8,0.21960000693798065,0.2944493293762207,0.21960000693798065,0.2944493293762207,0.020129849513371878,0.5687688092390695,True
stage4-known_holdout-f31c758fac16050c3bb1,15/9-F-15,15/9-F-15 D,4234.8,0.23770000040531158,0.2944493293762207,0.23770000040531158,0.2944493293762207,0.020129849513371878,0.5687688092390695,True
stage4-known_holdout-d7c9d4f8eebc5f04a5de,15/9-F-15,15/9-F-15 D,4236.8,0.2061000019311905,0.28364118933677673,0.2061000019311905,0.28364118933677673,0.009321709473927908,0.5579606691996255,True
stage4-known_holdout-353d725799cc0667c7e7,15/9-F-15,15/9-F-15 D,4238.8,0.3840999901294708,0.339434415102005,0.3840999901294708,0.339434415102005,0.06511493523915618,0.6137538949648538,True
stage4-known_holdout-9fe920099de073066c38,15/9-F-15,15/9-F-15 D,4240.8,0.6365000009536743,0.6354905962944031,0.6365000009536743,0.6354905962944031,0.36117111643155425,0.9098100761572518,True
stage4-known_holdout-53a02d527c80545c199e,15/9-F-15,15/9-F-15 D,4242.8,0.7541000247001648,0.6540365219116211,0.7541000247001648,0.6540365219116211,0.37971704204877227,0.9283560017744699,True
stage4-known_holdout-6d70f9af3ebc830e1842,15/9-F-15,15/9-F-15 D,4244.8,0.38190001249313354,0.3474547266960144,0.38190001249313354,0.3474547266960144,0.07313524683316558,0.6217742065588632,True
stage4-known_holdout-d49e1c479c3879dbf865,15/9-F-15,15/9-F-15 D,4246.8,0.2671999931335449,0.3100569248199463,0.2671999931335449,0.3100569248199463,0.035737444957097464,0.5843764046827951,True
stage4-known_holdout-7c0ede84fa6aac501989,15/9-F-15,15/9-F-15 D,4248.8,0.22589999437332153,0.30598676204681396,0.22589999437332153,0.30598676204681396,0.03166728218396514,0.5803062419096627,True
stage4-known_holdout-c132dd4e01a638d0a301,15/9-F-15,15/9-F-15 D,4250.8,0.21889999508857727,0.2861778438091278,0.21889999508857727,0.2861778438091278,0.011858363946278982,0.5604973236719766,True
stage4-known_holdout-da3d60e95a224ff9fbe5,15/9-F-15,15/9-F-15 D,4252.8,0.17599999904632568,0.2575628161430359,0.17599999904632568,0.2575628161430359,0.0,0.5318822960058847,True
stage4-known_holdout-03b0e3a5a33af929cfe5,15/9-F-15,15/9-F-15 D,4254.8,0.22579999268054962,0.28325769305229187,0.22579999268054962,0.28325769305229187,0.008938213189443045,0.5575771729151406,True
stage4-known_holdout-bc3ccf5abd5018609fe4,15/9-F-15,15/9-F-15 D,4256.8,0.2143000066280365,0.2860812246799469,0.2143000066280365,0.2860812246799469,0.011761744817098074,0.5604007045427957,True
stage4-known_holdout-310cf85a6c39c463ed46,15/9-F-15,15/9-F-15 D,4258.8,0.3799000084400177,0.43211665749549866,0.3799000084400177,0.43211665749549866,0.15779717763264983,0.7064361373583474,True
stage4-known_holdout-01717936e4bb70482f60,15/9-F-15,15/9-F-15 D,4260.8,0.684499979019165,0.5137540698051453,0.684499979019165,0.5137540698051453,0.23943458994229644,0.788073549667994,True
stage4-known_holdout-e0269f053a789c666e63,15/9-F-15,15/9-F-15 D,4262.8,0.3310999870300293,0.33027833700180054,0.3310999870300293,0.33027833700180054,0.05595885713895171,0.6045978168646493,True
stage4-known_holdout-f7c2c8ed78a1e439cf75,15/9-F-15,15/9-F-15 D,4264.8,0.4713999927043915,0.4309244751930237,0.4713999927043915,0.4309244751930237,0.15660499533017486,0.7052439550558725,True
stage4-known_holdout-156121b9b51565b5fc18,15/9-F-15,15/9-F-15 D,4266.8,0.36410000920295715,0.36051657795906067,0.36410000920295715,0.36051657795906067,0.08619709809621184,0.6348360578219094,True
stage4-known_holdout-992f30f499a88d005afe,15/9-F-15,15/9-F-15 D,4268.8,0.320499986410141,0.3212990462779999,0.320499986410141,0.3212990462779999,0.04697956641515105,0.5956185261408486,True
stage4-known_holdout-6420b301df6b462380fb,15/9-F-15,15/9-F-15 D,4270.8,0.1703999936580658,0.2136831283569336,0.1703999936580658,0.2136831283569336,0.0,0.4880026082197824,True
stage4-known_holdout-d026f39027d56a989c45,15/9-F-15,15/9-F-15 D,4272.8,0.12870000302791595,0.19977307319641113,0.12870000302791595,0.19977307319641113,0.0,0.47409255305925996,True
stage4-known_holdout-69be463d3f81d7e96eb3,15/9-F-15,15/9-F-15 D,4274.8,0.08560000360012054,0.17215584218502045,0.08560000360012054,0.17215584218502045,0.0,0.44647532204786927,True
stage4-known_holdout-b3f4edd5cb8fe4872d95,15/9-F-15,15/9-F-15 D,4276.8,0.1005999967455864,0.1796317845582962,0.1005999967455864,0.1796317845582962,0.0,0.45395126442114503,True
stage4-known_holdout-62b8cff27b4bfcd06c58,15/9-F-15,15/9-F-15 D,4278.8,0.14229999482631683,0.18645672500133514,0.14229999482631683,0.18645672500133514,0.0,0.46077620486418397,True
stage4-known_holdout-de2016e813b0353cd1ce,15/9-F-15,15/9-F-15 D,4283.3,0.16339999437332153,0.200825035572052,0.16339999437332153,0.200825035572052,0.0,0.4751445154349008,True
stage4-known_holdout-5606e67b35fdd38334ad,15/9-F-15,15/9-F-15 D,4285.3,0.2321999967098236,0.2589607834815979,0.2321999967098236,0.2589607834815979,0.0,0.5332802633444467,True
stage4-known_holdout-6d5351ddad165691b88e,15/9-F-15,15/9-F-15 D,4287.3,0.2605000138282776,0.2829282581806183,0.2605000138282776,0.2829282581806183,0.008608778317769461,0.5572477380434671,True
stage4-known_holdout-d3524527ddec370546b5,15/9-F-15,15/9-F-15 D,4289.3,0.20579999685287476,0.23097166419029236,0.20579999685287476,0.23097166419029236,0.0,0.5052911440531411,True
stage4-known_holdout-865c75b7dc56cb6f5e62,15/9-F-15,15/9-F-15 D,4291.3,0.16509999334812164,0.2020087093114853,0.16509999334812164,0.2020087093114853,0.0,0.4763281891743341,True
stage4-known_holdout-470b8df7ad33dea8babf,15/9-F-15,15/9-F-15 D,4296.7,0.4124000072479248,0.5624797344207764,0.4124000072479248,0.5624797344207764,0.28816025455792754,0.8367992142836251,True
stage4-known_holdout-c347daca18bc1aaf75a9,15/9-F-15,15/9-F-15 D,4298.7,0.6047999858856201,0.6796805262565613,0.6047999858856201,0.6796805262565613,0.40536104639371245,0.95400000611941,True
stage4-known_holdout-309197f63436f66a6206,15/9-F-15,15/9-F-15 D,4300.7,0.46160000562667847,0.5062696933746338,0.46160000562667847,0.5062696933746338,0.23195021351178496,0.7805891732374826,True
stage4-known_holdout-1cacd28ba3ffec15dda1,15/9-F-15,15/9-F-15 D,4302.7,0.37040001153945923,0.3854129910469055,0.37040001153945923,0.3854129910469055,0.11109351118405669,0.6597324709097543,True
stage4-known_holdout-19e2acc95f31778a8515,15/9-F-15,15/9-F-15 D,4304.7,0.47609999775886536,0.5382329821586609,0.47609999775886536,0.5382329821586609,0.26391350229581206,0.8125524620215097,True
stage4-known_holdout-d3e16030712fcdab56b4,15/9-F-15,15/9-F-15 D,4441.4,0.5565999746322632,0.5003204941749573,0.5565999746322632,0.5003204941749573,0.22600101431210845,0.774639974037806,True
stage4-known_holdout-80a9c17aafae70b79997,15/9-F-15,15/9-F-15 D,4443.4,0.4984999895095825,0.47419536113739014,0.4984999895095825,0.47419536113739014,0.1998758812745413,0.7485148410002389,True
stage4-known_holdout-a9cdbf18c9f7830f4ce3,15/9-F-15,15/9-F-15 D,4445.4,0.5371999740600586,0.5397968292236328,0.5371999740600586,0.5397968292236328,0.265477349360784,0.8141163090864816,True
stage4-known_holdout-2641bd6dc8d66d805020,15/9-F-15,15/9-F-15 D,4447.4,0.49779999256134033,0.5172452330589294,0.49779999256134033,0.5172452330589294,0.24292575319608062,0.7915647129217782,True
stage4-known_holdout-3da9336ccb85790b7e70,15/9-F-15,15/9-F-15 D,4449.4,0.498199999332428,0.4717845022678375,0.498199999332428,0.4717845022678375,0.1974650224049887,0.7461039821306863,True
stage4-known_holdout-442079e4b979290f9215,15/9-F-15,15/9-F-15 D,4451.4,0.48179998993873596,0.4668177664279938,0.48179998993873596,0.4668177664279938,0.19249828656514495,0.7411372462908425,True
stage4-known_holdout-e41b060263602bdad7cd,15/9-F-15,15/9-F-15 D,4453.4,0.4860000014305115,0.4561408460140228,0.4860000014305115,0.4561408460140228,0.181821366151174,0.7304603258768716,True
stage4-known_holdout-63af9c610ee073ee6e2b,15/9-F-15,15/9-F-15 D,4455.4,0.4560000002384186,0.4989522397518158,0.4560000002384186,0.4989522397518158,0.22463275988896697,0.7732717196146646,True
stage4-known_holdout-97cb763a7178ccfe13c4,15/9-F-15,15/9-F-15 D,4457.4,0.41909998655319214,0.42674195766448975,0.41909998655319214,0.42674195766448975,0.15242247780164092,0.7010614375273385,True
stage4-known_holdout-778ed3c0e3fd2b6970c5,15/9-F-15,15/9-F-15 D,4459.4,0.34310001134872437,0.3933738172054291,0.34310001134872437,0.3933738172054291,0.11905433734258025,0.6676932970682778,True
stage4-known_holdout-25f72bf25e708d2df945,15/9-F-15,15/9-F-15 D,4461.4,0.2409999966621399,0.2908128798007965,0.2409999966621399,0.2908128798007965,0.016493399937947684,0.5651323596636453,True
stage4-known_holdout-830ade5cf4cf14067f50,15/9-F-15,15/9-F-15 D,4463.4,0.30570000410079956,0.38911059498786926,0.30570000410079956,0.38911059498786926,0.11479111512502044,0.663430074850718,True
stage4-known_holdout-d9ac76eee58572f2e0e4,15/9-F-15,15/9-F-15 D,4465.4,1.0,0.8526875376701355,1.0,0.8526875376701355,0.5783680578072867,1.0,True
stage4-known_holdout-80c35fc2743162468972,15/9-F-15,15/9-F-15 D,4467.4,1.0,0.8267375826835632,1.0,0.8267375826835632,0.5524181028207145,1.0,True
stage4-known_holdout-2175c3d79ef50175a706,15/9-F-15,15/9-F-15 D,4469.4,0.4490000009536743,0.5112356543540955,0.4490000009536743,0.5112356543540955,0.23691617449124663,0.7855551342169442,True
stage4-known_holdout-6f390590dbc1beabf9b1,15/9-F-15,15/9-F-15 D,4471.4,0.499099999666214,0.5637815594673157,0.499099999666214,0.5637815594673157,0.28946207960446685,0.8381010393301644,True
stage4-known_holdout-ccea989f1fd6c9502d69,15/9-F-15,15/9-F-15 D,4473.4,0.5608000159263611,0.5060336589813232,0.5608000159263611,0.5060336589813232,0.23171417911847442,0.780353138844172,True
stage4-known_holdout-4dc1f108818852a6a145,15/9-F-15,15/9-F-15 D,4475.4,0.2777999937534332,0.31656599044799805,0.2777999937534332,0.31656599044799805,0.04224651058514922,0.5908854703108468,True
stage4-known_holdout-889960899cccfa68174d,15/9-F-15,15/9-F-15 D,4477.4,0.25929999351501465,0.2978684902191162,0.25929999351501465,0.2978684902191162,0.023549010356267386,0.572187970081965,True
stage4-known_holdout-b2ddb155db14af3336f5,15/9-F-15,15/9-F-15 D,4479.4,0.23199999332427979,0.28554022312164307,0.23199999332427979,0.28554022312164307,0.011220743258794241,0.5598597029844918,True
stage4-known_holdout-2b6fe9bcfc6b32fae3af,15/9-F-15,15/9-F-15 D,4481.4,0.2443999946117401,0.2938876152038574,0.2443999946117401,0.2938876152038574,0.019568135341008597,0.5682070950667062,True
stage4-known_holdout-af210051d8150817d211,15/9-F-15,15/9-F-15 D,4483.4,0.2903999984264374,0.32006901502609253,0.2903999984264374,0.32006901502609253,0.045749535163243704,0.5943884948889413,True
stage4-known_holdout-0d162ed9c9ddeb523768,15/9-F-15,15/9-F-15 D,4485.4,0.26010000705718994,0.2962060868740082,0.26010000705718994,0.2962060868740082,0.021886607011159354,0.570525566736857,True
stage4-known_holdout-7f12dd19f31288cc4e79,15/9-F-15,15/9-F-15 D,4487.4,0.25679999589920044,0.2915710508823395,0.25679999589920044,0.2915710508823395,0.017251571019490652,0.5658905307451882,True
stage4-known_holdout-2c497987b60740642f88,15/9-F-15,15/9-F-15 D,4489.4,0.20409999787807465,0.2724989354610443,0.20409999787807465,0.2724989354610443,0.0,0.5468184153238931,True
stage4-known_holdout-7dab9786474202fe5d12,15/9-F-15,15/9-F-15 D,4491.4,0.23340000212192535,0.2909623384475708,0.23340000212192535,0.2909623384475708,0.016642858584721976,0.5652818183104196,True
stage4-known_holdout-0209ae858bf47663c6fa,15/9-F-15,15/9-F-15 D,4493.4,0.2214999943971634,0.2867160737514496,0.2214999943971634,0.2867160737514496,0.01239659388860076,0.5610355536142984,True
stage4-known_holdout-aae850153512237ec335,15/9-F-15,15/9-F-15 D,4495.4,0.3343999981880188,0.3282224237918854,0.3343999981880188,0.3282224237918854,0.05390294392903655,0.6025419036547341,True
stage4-known_holdout-e838de59934f347e1431,15/9-F-15,15/9-F-15 D,4497.4,0.36399999260902405,0.3759874701499939,0.36399999260902405,0.3759874701499939,0.10166799028714507,0.6503069500128427,True
stage4-known_holdout-500ccb51c711631d5a3f,15/9-F-15,15/9-F-15 D,4499.4,1.0,0.8481415510177612,1.0,0.8481415510177612,0.5738220711549125,1.0,True
stage4-known_holdout-ea83e10b8b0ae6928456,15/9-F-15,15/9-F-15 D,4501.4,1.0,0.8640986084938049,1.0,0.8640986084938049,0.5897791286309562,1.0,True
stage4-known_holdout-1b55a4e89c4944c7d26e,15/9-F-15,15/9-F-15 D,4503.4,1.0,0.8651100397109985,1.0,0.8651100397109985,0.5907905598481498,1.0,True
stage4-known_holdout-a20d7a6891289e735e08,15/9-F-15,15/9-F-15 D,4505.4,1.0,0.894342839717865,1.0,0.894342839717865,0.6200233598550162,1.0,True
stage4-known_holdout-2293db66c46c961e118d,15/9-F-15,15/9-F-15 D,4507.4,1.0,0.8971132636070251,1.0,0.8971132636070251,0.6227937837441764,1.0,True
stage4-known_holdout-1ad7a261ebe7dfa9ab22,15/9-F-15,15/9-F-15 D,4509.4,1.0,0.8945910334587097,1.0,0.8945910334587097,0.620271553595861,1.0,True
stage4-known_holdout-356870a13c9ccd306dad,15/9-F-15,15/9-F-15 D,4511.4,1.0,0.8950298428535461,1.0,0.8950298428535461,0.6207103629906974,1.0,True
stage4-known_holdout-cd6028492cd6c74b9cde,15/9-F-15,15/9-F-15 D,4513.4,1.0,0.8634486794471741,1.0,0.8634486794471741,0.5891291995843253,1.0,True
stage4-known_holdout-caf294f401df7f855c2a,15/9-F-15,15/9-F-15 D,4515.4,1.0,0.8609277606010437,1.0,0.8609277606010437,0.5866082807381949,1.0,True
stage4-known_holdout-e24bb5d5d826a30ec373,15/9-F-15,15/9-F-15 D,4517.4,1.0,0.8628636002540588,1.0,0.8628636002540588,0.5885441203912101,1.0,True
stage4-known_holdout-0251f4eb4ca388dafff8,15/9-F-15,15/9-F-15 D,4519.4,1.0,0.8706385493278503,1.0,0.8706385493278503,0.5963190694650016,1.0,True
stage4-known_holdout-5be62a005bb8f0005e16,15/9-F-15,15/9-F-15 D,4521.4,1.0,0.8883665800094604,1.0,0.8883665800094604,0.6140471001466117,1.0,True
stage4-known_holdout-cd4ef8d2440c89cc68fe,15/9-F-15,15/9-F-15 D,4523.4,0.3531000018119812,0.38867664337158203,0.3531000018119812,0.38867664337158203,0.1143571635087332,0.6629961232344308,True
stage4-known_holdout-72e9825547a752d262f8,15/9-F-15,15/9-F-15 D,4525.4,0.24130000174045563,0.2944493293762207,0.24130000174045563,0.2944493293762207,0.020129849513371878,0.5687688092390695,True
stage4-known_holdout-d7cb0f16fe98a7474ad5,15/9-F-15,15/9-F-15 D,4527.4,0.23929999768733978,0.30598676204681396,0.23929999768733978,0.30598676204681396,0.03166728218396514,0.5803062419096627,True
stage4-known_holdout-5823804bfdd41d59ff5b,15/9-F-15,15/9-F-15 D,4529.4,0.23639999330043793,0.2944493293762207,0.23639999330043793,0.2944493293762207,0.020129849513371878,0.5687688092390695,True
stage4-known_holdout-3521a572347c52a03f3c,15/9-F-15,15/9-F-15 D,4531.4,0.257099986076355,0.2978684902191162,0.257099986076355,0.2978684902191162,0.023549010356267386,0.572187970081965,True
stage4-known_holdout-220321c4d9716d3807bf,15/9-F-15,15/9-F-15 D,4533.4,0.2434999942779541,0.28917667269706726,0.2434999942779541,0.28917667269706726,0.014857192834218436,0.563496152559916,True
stage4-known_holdout-2b792ec7ad05a601d9da,15/9-F-15,15/9-F-15 D,4535.4,0.28870001435279846,0.31232020258903503,0.28870001435279846,0.31232020258903503,0.03800072272618621,0.5866396824518838,True
stage4-known_holdout-70bdfeac4c71d09437ff,15/9-F-15,15/9-F-15 D,4537.4,0.3154999911785126,0.33161014318466187,0.3154999911785126,0.33161014318466187,0.05729066332181304,0.6059296230475106,True
stage4-known_holdout-2f8ccec86203e38db042,15/9-F-15,15/9-F-15 D,4539.4,0.28850001096725464,0.3140629827976227,0.28850001096725464,0.3140629827976227,0.039743502934773856,0.5883824626604715,True
stage4-known_holdout-92676536e670db43e643,15/9-F-15,15/9-F-15 D,4541.4,0.2678999900817871,0.2994069457054138,0.2678999900817871,0.2994069457054138,0.025087465842564993,0.5737264255682626,True
stage4-known_holdout-ab93ad6d40460e39ab9d,15/9-F-15,15/9-F-15 D,4543.4,0.36910000443458557,0.3520038425922394,0.36910000443458557,0.3520038425922394,0.07768436272939055,0.6263233224550881,True
stage4-known_holdout-71a4145886431891ca56,15/9-F-15,15/9-F-15 D,4545.4,0.3495999872684479,0.35193368792533875,0.3495999872684479,0.35193368792533875,0.07761420806248992,0.6262531677881875,True
stage4-known_holdout-ad6f685787aea0f58437,15/9-F-15,15/9-F-15 D,4547.4,0.3912999927997589,0.38833028078079224,0.3912999927997589,0.38833028078079224,0.11401080091794341,0.662649760643641,True
stage4-known_holdout-c4c1fe3d4be70a8389ee,15/9-F-15,15/9-F-15 D,4549.4,0.39239999651908875,0.37358787655830383,0.39239999651908875,0.37358787655830383,0.09926839669545501,0.6479073564211526,True
stage4-known_holdout-58c5117521305fffcc74,15/9-F-15,15/9-F-15 D,4551.4,0.39959999918937683,0.3680114150047302,0.39959999918937683,0.3680114150047302,0.0936919351418814,0.642330894867579,True
stage4-known_holdout-0cf46c0944ffc40f8b45,15/9-F-15,15/9-F-15 D,4553.4,0.4133000075817108,0.37391403317451477,0.4133000075817108,0.37391403317451477,0.09959455331166595,0.6482335130373635,True
stage4-known_holdout-b24cb78cd2b799448f42,15/9-F-15,15/9-F-15 D,4555.4,0.4300000071525574,0.4193740487098694,0.4300000071525574,0.4193740487098694,0.14505456884702056,0.6936935285727182,True
stage4-known_holdout-4def3496b18f28e43b7f,15/9-F-15,15/9-F-15 D,4557.4,0.38580000400543213,0.3602297604084015,0.38580000400543213,0.3602297604084015,0.08591028054555266,0.6345492402712503,True
stage4-known_holdout-4c63c5adfc20121126b3,15/9-F-15,15/9-F-15 D,4559.4,0.3312000036239624,0.3397158980369568,0.3312000036239624,0.3397158980369568,0.06539641817410796,0.6140353778998056,True
stage4-known_holdout-9d62da7d4ee2611d16de,15/9-F-15,15/9-F-15 D,4561.4,0.3458000123500824,0.3414916396141052,0.3458000123500824,0.3414916396141052,0.0671721597512564,0.615811119476954,True
stage4-known_holdout-433ccbd65613982c6acd,15/9-F-15,15/9-F-15 D,4563.4,0.9266999959945679,0.8071433901786804,0.9266999959945679,0.8071433901786804,0.5328239103158317,1.0,True
stage4-known_holdout-570db87b0e01b54b1e4e,15/9-F-15,15/9-F-15 D,4565.4,1.0,0.901395320892334,1.0,0.901395320892334,0.6270758410294852,1.0,True
stage4-known_holdout-9e698dd7af3c9b7680f9,15/9-F-15,15/9-F-15 D,4567.4,1.0,0.8922452330589294,1.0,0.8922452330589294,0.6179257531960807,1.0,True
stage4-known_holdout-8f1a15e51b9e17e5c6d3,15/9-F-15,15/9-F-15 D,4569.4,1.0,0.8829355835914612,1.0,0.8829355835914612,0.6086161037286124,1.0,True
stage4-known_holdout-d05ca79cb9bd6bec103e,15/9-F-15,15/9-F-15 D,4571.4,1.0,0.899061381816864,1.0,0.899061381816864,0.6247419019540152,1.0,True
stage4-known_holdout-50e6ecfca30bbc937f18,15/9-F-15,15/9-F-15 D,4573.4,1.0,0.8895838856697083,1.0,0.8895838856697083,0.6152644058068595,1.0,True
stage4-known_holdout-756e8f00f2fa01bddfca,15/9-F-15,15/9-F-15 D,4575.4,1.0,0.8867014050483704,1.0,0.8867014050483704,0.6123819251855216,1.0,True
stage4-known_holdout-185972a65186a87b1d45,15/9-F-15,15/9-F-15 D,4577.4,1.0,0.9003550410270691,1.0,0.9003550410270691,0.6260355611642203,1.0,True
stage4-known_holdout-395da92c60b9d5cd6e1c,15/9-F-15,15/9-F-15 D,4579.4,1.0,0.9038283228874207,1.0,0.9038283228874207,0.6295088430245719,1.0,True
stage4-known_holdout-cf8ec42af19d7b28c08a,15/9-F-15,15/9-F-15 D,4581.4,1.0,0.8094959855079651,1.0,0.8094959855079651,0.5351765056451163,1.0,True
stage4-known_holdout-cc843e209e33900a61d4,15/9-F-15,15/9-F-15 D,4583.4,0.328900009393692,0.34576958417892456,0.328900009393692,0.34576958417892456,0.07145010431607574,0.6200890640417733,True
stage4-known_holdout-c7c6bb4b8d12de62942b,15/9-F-15,15/9-F-15 D,4585.4,0.4129999876022339,0.4004812240600586,0.4129999876022339,0.4004812240600586,0.12616174419720977,0.6748007039229074,True
stage4-known_holdout-922ec5acd00ecc1fa76b,15/9-F-15,15/9-F-15 D,4587.4,0.31459999084472656,0.33617424964904785,0.31459999084472656,0.33617424964904785,0.061854769786199026,0.6104937295118966,True
stage4-known_holdout-a0c8c8ca0923746f2cc6,15/9-F-15,15/9-F-15 D,4589.4,0.25780001282691956,0.2989802062511444,0.25780001282691956,0.2989802062511444,0.024660726388295584,0.5732996861139932,True
stage4-known_holdout-1f281b2bd71d8b3b011a,15/9-F-15,15/9-F-15 D,4591.4,0.25929999351501465,0.2994069457054138,0.25929999351501465,0.2994069457054138,0.025087465842564993,0.5737264255682626,True
